start_m,start_s,end_m,end_s,half,from,to,type,subtype,nearest_pressure,start_x,start_y,end_x,end_y,press_x,press_y
0,0,0,0,1,fernandes,,set,kickoff,,52.5,34,,,,
0,0,0,1,1,fernandes,ronaldo,pass,b,,52.5,34,55.8,31.3,,
0,1,0,2,1,ronaldo,matic,pass,backwards,odegaard,55.8,31.3,65.6,33.4,55.7,30.4
0,2,0,3,1,matic,dalot,pass,backwards,nketiah,65.6,33.4,72.2,55.2,63.4,36.4
0,5,,,1,gabriel,,won,intercepted.longball,,29.7,43,,,,
0,7,,,1,elneny,,won,loose.recovered,fernandes,37.6,40,,,,
0,8,0,10,1,elneny,cedric,pass,backwards,fernandes,37.6,40,28.8,18.3,37.4,42.6
0,10,,,1,sancho,,won,intercepted.p,,35.4,18.9,,,,
0,14,0,17,1,saka,,dribble,sideways,matic,56.2,0.4,55.6,3.8,,
0,30,0,32,1,white,gabriel,pass,backwards,,56.1,10.2,47.6,35.7,,
0,32,0,33,1,gabriel,,dribble,,,47.6,35.7,48.7,37.7,,
0,33,0,35,1,gabriel,tavares,pass,forward,,48.7,37.7,67.9,66.2,,
0,37,0,38,1,tavares,xhaka,pass,backwards,elanga,67.9,66.2,62.5,62.1,67.9,66
0,38,0,39,1,xhaka,,dribble,backwards,mctominay,62.5,62.1,57.4,62.5,66,62.1
0,40,0,41,1,xhaka,gabriel,pass,backwards,,57.4,62.5,37.8,62.3,,
0,42,0,44,1,gabriel,white,pass,sideways,,37.8,62.3,33.6,25.8,,
0,45,0,49,1,white,,dribble,forward,,33.6,25.8,55,16.4,,
0,51,0,51,1,telles,,won,intercepted.longball,saka,83.1,10.3,,,,
0,53,0,53,1,cedric,,won,intercepted.p.header,sancho,64.8,3.3,,,65.8,4.3
0,53,0,54,1,cedric,saka,pass,forward,sancho,64.8,3.3,79.7,4.7,,
0,55,0,55,1,sancho,,won,loose.recovered,cedric,70.7,6.2,,,70,6.2
0,55,0,56,1,sancho,matic,pass,sideways,cedric,70.7,6.2,73.6,14.9,70.5,6.2
0,58,0,59,1,matic,ronaldo,pass,forward,odegaard,73.6,14.9,62.1,24.4,74,14.9
0,1,1,1,1,ronaldo,lindelof,pass,backwards,,62.1,24.4,78.4,40.8,,
1,2,1,3,1,lindelof,dalot,pass,sideways,,78.4,40.8,66.8,54,,
1,7,1,7,1,gabriel,,won,intercepted.longball,,30.2,49.7,,,,
1,9,1,9,1,fernandes,,won,loose.recovered,,33.2,51.8,,,,
1,11,,,1,xhaka,,won,loose.recovered,fernandes,33.7,51.4,,,,
1,11,1,13,1,xhaka,,dribble,forward,,33.7,51.4,47.6,33.8,,
1,11,1,14,1,xhaka,cedric,pass,backwards,mctominay,47.6,33.8,,,48.6,33
1,15,1,19,1,cedric,,dribble,forward,,36.9,16.4,46.5,15.8,,
1,20,,,1,cedric,white,pass,backwards,,46.5,15.8,41.4,18.5,,
1,21,1,23,1,white,,dribble,sideways,,41.4,18.5,42.5,24.2,,
1,23,1,25,1,white,gabriel,pass,sideways,,42.5,24.2,43.7,41.8,,
1,26,1,29,1,gabriel,,dribble,forward,,43.7,41.8,46.9,44.6,,
1,29,1,29,1,gabriel,elneny,pass,sideways,ronaldo,46.9,44.6,50.9,30.4,,
1,30,1,30,1,elneny,,dribble,sideways,,50.9,30.4,48.1,26.4,,
1,31,1,33,1,elneny,cedric,pass,sideways,fernandes,48.1,26.4,50.1,13,49.1,26
1,34,,,1,cedric,odegaard,pass,forward,sancho,50.1,13,64.9,8.7,,
1,35,1,36,1,odegaard,,dribble,forward,sancho,64.9,8.7,71.8,6.8,,
1,36,,,1,odegaard,saka,pass,sideways,sancho,71.8,6.8,69.9,13.8,71.8,7.8
1,37,1,38,1,saka,cedric,pass,backwards,matic,69.9,13.8,60.3,6.7,,
1,39,,,1,cedric,xhaka,pass,sideways,,60.3,6.7,61.3,22.8,,
1,40,1,42,1,xhaka,,dribble,sideways,,61.3,22.8,64.7,31.8,,
1,42,1,45,1,xhaka,tavares,pass,longball,,64.7,31.8,96.7,49.3,,
1,46,1,48,1,tavares,,dribble,backwards,dalot,96.7,49.3,90.8,50.8,96.7,49
1,48,1,49,1,tavares,xhaka,pass,backwards,dalot,90.8,50.8,80,51.9,90.8,50
1,50,1,52,1,xhaka,saka,pass,cross,elanga,80,51.9,96.7,14.5,82,51.9
1,52,1,54,1,saka,cedric,pass,backwards,sancho,96.7,14.5,86.1,18.6,96,16
1,55,,,1,varane,,clearance,head,,95,30.7,,,,
1,58,,,1,gabriel,,won,loose.recovered,,65.3,38.7,,,,
1,59,,1,1,gabriel,,dribble,forward,fernandes,65.3,38.7,74.4,51.3,,
2,1,2,2,1,gabriel,tavares,pass,forward,fernandes,74.4,51.3,87.9,65.8,75,51.3
2,5,2,6,1,tavares,xhaka,pass,b.a,dalot,87.9,65.8,82.3,55.1,87.9,65
2,6,2,8,1,xhaka,saka,pass,cross,fernandes,82.3,55.1,97.5,21.9,82.5,55.1
2,10,,,1,saka,,shot.attack,ontarget.parried.to.danger,telles,97.5,21.9,103.2,35.9,98,22
2,10,,,1,de_gea,,shot.defence,ontarget.parried.to.danger,,103.2,35.9,,,,
2,12,,,1,tavares,,shot.attack,ontarget.goal,dalot,101.6,38.1,105.2,35.6,101.4,38.2
3,43,3,44,1,xhaka,tavares,pass,backwards,mctominay,65.8,63.9,59.8,66.4,66,63.9
3,44,3,46,1,tavares,white,pass,backwards,elanga,59.8,66.4,43.2,48.6,60.5,66.4
3,47,3,48,1,white,,dribble,sideways,,43.2,48.6,41,43.4,,
3,48,3,49,1,white,cedric,pass,sideways,,41,43.4,41.3,27.9,,
3,49,,,1,cedric,,dribble,forward,,41.3,27.9,44.5,22.5,,
3,49,3,50,1,cedric,saka,pass,forward,sancho,44.5,22.5,73.2,9.1,,
3,50,3,53,1,saka,cedric,pass,backwards,telles,73.2,9.1,50,12.7,73.5,9.1
3,54,3,55,1,cedric,,dribble,backwards,sancho,50,12.7,45.6,20.9,,
3,55,3,56,1,cedric,white,pass,backwards,sancho,45.6,20.9,38.1,24.8,46,20.9
3,56,3,57,1,white,,dribble,sideways,,38.1,24.8,36.9,28.3,,
3,57,3,59,1,white,gabriel,pass,sideways,,36.9,28.3,29.9,56.7,,
4,1,4,2,1,gabriel,white,pass,sideways,ronaldo,29.9,56.7,24.5,33.1,31,56.7
4,3,4,5,1,white,ramsdale,pass,backwards,,24.5,33.1,14.8,38.9,,
4,7,4,12,1,ramsdale,,dribble,sideways,,14.8,38.9,17.5,26,,
4,12,4,13,1,ramsdale,white,pass,sideways,fernandes,17.5,26,18,7.8,19.5,26
4,14,,,1,white,,clearance,,fernandes,18,7.8,61.4,23.7,18.5,7.8
4,16,,,1,varane,,won,loose.recovered,nketiah,65.4,23.7,,,64,24
4,20,,,1,gabriel,,won,loose.longball.recovered,ronaldo,22.8,30.8,,,22,31
4,20,4,25,1,gabriel,cedric,pass,sideways,ronaldo,22.8,30.8,12.6,9.4,22,31
4,25,4,26,1,cedric,white,pass,sideways,sancho,12.6,9.4,9.8,13,13,9.4
4,26,4,27,1,white,xhaka,pass,forward,sancho,9.8,13,19.1,21.2,10.2,12.5
4,28,,,1,mctominay,,won,intercepted.p,,23.3,22.4,,,,
4,31,,,1,xhaka,white,pass,backwards,mctominay,16.9,18.6,10.6,20,16.9,18.6
4,33,,,1,white,cedric,pass,sideways,sancho,10.6,20,10.6,8.2,,
4,33,4,35,1,cedric,,dribble,f,,10.6,8.2,18.3,8.4,,
4,36,,,1,cedric,odegaard,pass,forward,sancho,18.3,8.4,19.7,2.9,,
4,37,4,38,1,odegaard,white,pass,backwards,sancho,19.7,2.9,11,10.2,19.7,3.5
4,39,4,41,1,white,ramsdale,pass,backwards,sancho,11,10.2,4.1,21.1,12,10
4,46,,,1,varane,,won,intercepted.longball,nketiah,53.6,8.4,,,,
4,48,,,1,lindelof,,won,loose.ball,,70.1,24.1,,,,
4,49,4,54,1,lindelof,,dribble,sideways,,70.1,24.1,77.7,36.6,,
4,54,4,55,1,lindelof,dalot,pass,sideways,nketiah,77.7,36.6,78,56.3,,
4,55,4,56,1,dalot,,dribble,sideways,white,78,56.3,81,53.5,,
4,56,4,59,1,dalot,de_gea,pass,backwards,white,81,53.5,101.1,40.4,80.7,53.5
5,1,5,2,1,de_gea,varane,pass,sideways,nketiah,101.1,40.4,91.7,11.8,,
5,3,5,4,1,varane,,dribble,forward,odegaard,91.7,11.8,90.4,8.6,,
5,7,,,1,matic,,won,loose.ball,,73.4,12.8,,,,
5,8,,,1,matic,,dribble,forward,,73.4,12.8,66.3,18.4,,
5,10,,,1,white,,won,intercepted.p,ronaldo,53.9,20.7,,,54,20.9
5,11,,,1,elneny,,won,intercepted.ball,ronaldo,53.9,20.7,58.3,20.5,54.3,20.7
5,12,,,1,elneny,saka,pass,sideways,matic,58.3,20.5,61.3,15.8,58.4,20.5
5,12,5,14,1,saka,nketiah,pass,forward,matic,61.3,15.8,73.1,21.5,58.4,20.2
5,15,,,1,nketiah,,dribble,forward,mctominay,73.1,21.5,78,20,73,21.5
5,16,5,18,1,nketiah,saka,pass,forward,sancho,78,20,90.8,6.9,,
5,19,5,20,1,saka,,dribble,forward,,90.8,6.9,94.4,7,,
5,20,,,1,saka,cedric,pass,b.cutback,telles,94.4,7,86.5,10.1,94.3,8
5,22,,,1,varane,,won,,,94.3,30.3,,,,
5,22,,,1,varane,,clearance,head,,94.3,30.3,65.6,31.9,,
5,24,,,1,ronaldo,,won,loose.ball,white,65.6,31.9,,,65,31.9
5,24,5,25,1,ronaldo,fernandes,pass,backwards,white,65.6,31.9,73.5,27.1,65,31.9
5,25,5,29,1,fernandes,ronaldo,pass,forward,odegaard,73.5,27.1,46.5,46.9,73.5,27.5
5,30,,,1,ronaldo,elanga,pass,forward,gabriel,46.5,46.9,37.5,47,,
5,31,,,1,gabriel,,minor.touch,ground,,37,47,,,,
5,30,5,34,1,elanga,,dribble,forward,tavares,37.5,47,11.9,47,37.4,47.1
5,34,,,1,elanga,,shot.attack,ontarget.parried.in,tavares,11.9,47,,,11.3,46.8
5,34,,,1,ramsdale,,shot.defence,ontarget.parried.in,,8.3,39.5,,,,
5,35,,,1,tavares,,won,loose.ball,elanga,7.7,47.5,,,7.8,47.5
6,12,,,1,telles,,set,corner kick,,0,68,6.8,32.3,,
6,12,,,1,telles,mctominay,pass,cross,,0,68,6.8,32.3,,
6,14,,,1,mctominay,,shot.attack,offtarget.out,saka,6.8,32.3,0,28,6.8,32.3
6,32,,,1,ramsdale,,set,goalkick,,6.4,33.6,,,,
6,32,6,34,1,ramsdale,white,pass,sideways,,6.4,33.6,10.1,23.1,,
6,34,6,38,1,white,,dribble,forward,ronaldo,10.1,23.1,19.3,20.3,,
6,38,6,41,1,white,ramsdale,pass,sideways,,19.3,20.3,20.3,42.8,,
6,41,6,42,1,ramsdale,gabriel,pass,forward,,20.3,42.8,27.6,49.6,,
6,42,6,46,1,gabriel,,dribble,forward,,27.6,49.6,32.5,51.2,,
6,47,6,58,1,gabriel,ramsdale,pass,backwards,fernandes,32.5,51.2,20.3,45.8,31.5,51
7,7,,,1,telles,,set ,throwin,,57.6,-0.6,,,,
7,7,7,8,1,telles,matic,pass,b,odegaard,57.9,1.1,63.9,2.7,,
7,8,,,1,matic,telles,pass,forward,odegaard,63.9,2.7,57.9,1.1,63,2.7
7,9,7,11,1,telles,,dribble,backwards,saka,57.9,1.1,64.1,2,57.8,1
7,12,7,13,1,telles,,dribble,forward,saka,64.1,2,58.6,4,64.1,2
7,13,7,14,1,telles,ronaldo,pass,forward,,58.6,4,48.8,15.1,,
7,15,,,1,white,,won,intercepted.p,,36.1,6.6,,,,
7,15,,,1,white,,clearance,header.out,,36.1,6.6,,,,
7,30,,,1,telles,,set,throwin,,45,0,,,,
7,49,,,1,cedric,,set,free kick,,44.1,11.6,,,,
7,49,7,5,1,cedric,white,set,free kick,,44.1,11.6,33.4,14.9,,
7,51,7,22,1,white,elneny,pass,sideways,fernandes,33.4,14.9,29.3,31.4,,
7,52,7,55,1,elneny,,dribble,forward,fernandes,29.3,31.4,36.6,40.9,,
7,55,7,56,1,elneny,tavares,pass,sideways,fernandes,36.6,40.9,44.1,65.7,,
7,58,,,1,lindelof,,won,intercepted.p,,60.7,50.1,,,,
7,58,8,0,1,lindelof,matic,pass,sideways,odegaard,60.7,50.1,57.9,40,,
8,0,8,1,1,matic,,dribble,forward,odegaard,57.9,40,55.8,42.5,57,39
8,1,8,3,1,matic,dalot,pass,sideways,odegaard,55.8,42.5,57.7,60.1,55.8,42.5
8,6,,,1,dalot,mctominay,pass,sideways,white,57.7,60.1,54,54.6,,
8,6,8,8,1,mctominay,elanga,pass,forward,xhaka,54,54.6,47.3,66.4,53.9,54.6
8,8,8,10,1,elanga,dalot,pass,backwards,tavares,47.3,66.4,64.1,62.4,47.2,66.4
8,10,8,12,1,dalot,,dribble,sideways,odegaard,64.1,62.4,64.9,57,,
8,12,8,13,1,dalot,lindelof,pass,backwards,odegaard,64.9,57,83.7,47.6,64,57.1
8,13,8,17,1,lindelof,varane,pass,sideways,,83.7,47.6,81.2,20.4,,
8,17,8,18,1,varane,telles,pass,sideways,odegaard,81.2,20.4,71.9,5.5,,
8,18,,,1,telles,sancho,pass,b.a,saka,71.9,5.5,65.2,5.7,71,6
8,21,,,1,elneny,,won,loose.ball,telles,68.4,11.7,,,,
8,21,,,1,elneny,odegaard,pass,f,telles,68.4,11.7,,,68.4,11
8,21,8,22,1,odegaard,elneny,pass,b.a,sancho,74.6,8.6,66.8,16,74,8.6
8,24,8,25,1,elneny,xhaka,pass,sideways,fernandes,66.8,16,66,28.8,66.8,15.8
8,27,,,1,dalot,,won,intercepted.p,,77.8,47.1,,,,
8,28,8,29,1,dalot,mctominay,pass,forward,tavares,77.8,47.1,71.2,42.9,77.6,47.3
8,35,,,1,ramsdale,,won,loose.longball,,12.3,20.8,,,,
10,8,,,1,ramsdale,,set,goalkick,,6.3,33.4,,,,
10,10,,,1,mctominay,,won,intercepted.longball,,29.9,34.6,,,,
10,12,10,13,1,mctominay,fernandes,pass,forward,xhaka,29.9,34.6,23.3,35,28.9,34.6
10,13,10,14,1,fernandes,,dribble,forward,gabriel,23.3,35,18.6,35.1,23,36
10,14,10,15,1,fernandes,,shot.attack,offtarget.out,,18.6,35.1,,,,
10,44,,,1,fernandes,,set,corner kick,,0,0,,,,
10,44,,,1,fernandes,mctominay,pass,cross,,0,0,4.1,42.6,,
11,17,,,1,ramsdale,,set,goal kick,,6.2,28.6,68.2,27.7,,
11,20,,,1,lindelof,,won,duel.won,,68.2,27.7,,,,
11,20,11,21,1,lindelof,fernandes,pass,f,nketiah,68.2,27.7,58,21.8,67.5,26.7
11,22,,,1,tavares,,won,loose.ball,,48,39.6,,,,
11,22,11,24,1,tavares,,dribble,forward,elanga,48,39.6,54.6,47.1,,
11,24,11,24,1,tavares,smith_rowe,pass,forward,elanga,54.6,47.1,61,45.9,55,47.1
11,26,,,1,smith_rowe,xhaka,pass,sideways,mctominay,61,45.9,55.9,43.5,62,45
11,26,11,27,1,xhaka,smith_rowe,pass,sideways,mctominay,55.9,43.5,57.8,48.1,62,45
11,27,,,1,smith_rowe,,dribble,forward,elanga,57.8,48.1,60.1,50.2,,
11,30,,,1,smith_rowe,,won,loose.ball,elanga,66.2,55.1,,,66.5,55.1
11,30,11,32,1,smith_rowe,gabriel,pass,f,elanga,66.2,55.1,53.3,63,66.5,55.1
11,32,11,32,1,gabriel,,dribble,backwards,fernandes,53.3,63,36.9,53.6,55.3,63
11,32,11,25,1,gabriel,ramsdale,pass,backwards,,36.9,53.6,18.5,34.4,,
11,39,11,40,1,ramsdale,smith_rowe,pass,forward,fernandes,18.5,34.4,25.3,38.9,,
11,40,11,41,1,smith_rowe,ramsdale,pass,backwards,mctominay,25.3,38.9,12,30.6,26.3,38.9
11,42,11,44,1,ramsdale,odegaard,pass,forward,,12,30.6,35.9,12.6,,
11,45,11,46,1,odegaard,elneny,pass,backwards,matic,35.9,12.6,33.5,20.5,37,13.4
11,47,11,48,1,elneny,nketiah,pass,forward,,33.5,20.5,,,,
11,48,11,49,1,nketiah,xhaka,pass,backwards,nketiah,49.5,32.5,45.4,40.6,52,34
11,50,11,52,1,xhaka,tavares,pass,forward,elanga,45.4,40.6,66.7,66.4,,
11,52,11,54,1,tavares,xhaka,pass,backwards,elanga,66.7,66.4,61.9,55.1,,
11,54,11,58,1,xhaka,,dribble,forward,,61.9,55.1,66,58.6,,
11,58,11,59,1,xhaka,smith_rowe,pass,forward,mctominay,66,58.6,79.5,67.1,67.5,58.6
11,59,12,1,1,smith_rowe,,dribble,backwards,,79.5,67.1,77.1,62.7,,
12,1,12,2,1,smith_rowe,xhaka,pass,backwards,elanga,77.1,62.7,68.2,60.1,72.1,62.7
12,3,12,4,1,xhaka,elneny,pass,forward,mctominay,68.2,60.1,71.9,52.6,69.5,60.1
12,5,12,6,1,elneny,tavares,pass,forward,fernandes,71.9,52.6,83.1,65.2,71.5,51.6
12,7,12,8,1,tavares,elneny,pass,backwards,dalot,83.1,65.2,79.3,61.7,83.5,64.2
12,8,12,11,1,elneny,,dribble,backwards,fernandes,79.3,61.7,61.9,62.7,,
12,11,12,12,1,elneny,gabriel,pass,backwards,fernandes,61.9,62.7,53.7,61.5,61.9,62.5
12,13,12,17,1,gabriel,,dribble,forward,ronaldo,53.7,61.5,64.8,64.6,53.5,61
12,17,12,21,1,gabriel,saka,pass,sideways,mctominay,64.8,64.6,77.4,11.2,,
12,21,12,24,1,saka,,dribble,backwards,sancho,77.4,11.2,68.7,7,77.4,12
12,24,12,25,1,saka,cedric,pass,sideways,sancho,68.7,7,63,13.4,69.7,7.5
12,25,12,26,1,cedric,elneny,pass,sideways,mctominay,63,13.4,62.9,21.5,64.5,13.6
12,27,12,28,1,elneny,odegaard,pass,sideways,fernandes,62.9,21.5,66.7,8.4,63,21.4
12,28,12,29,1,odegaard,,dribble,sideways,sancho,66.7,8.4,66.7,10.5,,
12,29,12,30,1,odegaard,cedric,pass,forward,fernandes,66.7,10.5,77.2,12.5,66.6,12
12,31,12,32,1,cedric,saka,pass,sideways,sancho,77.2,12.5,83.7,4.3,76.2,12.5
12,32,12,35,1,saka,,dribble,sideways,telles,83.7,4.3,87,8.2,83.7,5.3
12,35,,,1,saka,odegaard,pass,backwards,telles,87,8.2,80.2,13.9,87,8.4
12,37,12,38,1,odegaard,xhaka,pass,sideways,sancho,80.2,13.9,73.4,25.5,80.4,13.9
12,38,,,1,ronaldo,,won,,,73,27,,,,
12,38,12,39,1,ronaldo,fernandes,pass,sideways,,73,27,75.9,19.4,,
12,39,12,41,1,fernandes,,dribble,forward,xhaka,75.9,19.4,66.6,15.8,74.5,20
12,41,12,43,1,fernandes,ronaldo,pass,forward,xhaka,66.6,15.8,61.8,7.2,,
12,46,,,1,gabriel,,won,loose.ball,,44.1,28,,,,
12,47,12,49,1,gabriel,odegaard,pass,forward,fernandes,44.1,28,57.1,23.1,45.1,29
12,49,12,51,1,odegaard,,dribble,f,,57.1,23.1,59.7,28,,
12,52,,,1,varane,,won,intercepted.longball,nketiah,81.3,29,,,,
12,52,12,53,1,varane,lindelof,pass,sideways,,81.3,29,80.6,34.1,,
12,53,12,55,1,lindelof,,dribble,sideways,,80.6,34.1,78.8,35.9,,
12,55,12,57,1,lindelof,dalot,pass,sideways,,78.8,35.9,84.3,49.9,,
12,57,12,58,1,dalot,mctominay,pass,f,smith_rowe,84.3,49.9,81.5,44.8,,
12,59,13,1,1,mctominay,fernandes,pass,f,xhaka,81.5,44.8,66.4,41.1,,
13,1,13,3,1,fernandes,,dribble,f,elneny,66.4,41.1,62.3,55.8,,
13,3,13,4,1,fernandes,elanga,pass,f,smith_rowe,62.3,55.8,49.6,65,,
13,6,13,7,1,elanga,dalot,pass,backwards,smith_rowe,49.6,65,60.3,62.5,,
13,8,13,10,1,dalot,lindelof,pass,backwards,,60.3,62.5,79.1,48.7,,
13,10,13,11,1,lindelof,varane,pass,sideways,,79.1,48.7,79.2,38,,
13,11,13,14,1,varane,telles,pass,sideways,odegaard,79.2,38,73.8,8.7,,
13,16,13,20,1,telles,de_gea,pass,backwards,saka,73.8,8.7,90.7,23.7,,
13,26,13,,1,ramsdale,,won,loose.longball,,11.8,10.9,,,,
13,28,13,29,1,ramsdale,white,pass,f,,11.8,10.9,22.2,19.6,,
13,30,13,32,1,white,elneny,pass,f,,22.2,19.6,31.3,19.2,,
13,35,13,36,1,elneny,cedric,pass,sideways,fernandes,31.3,19.2,26.9,14.2,,
13,36,13,37,1,cedric,white,pass,backwards,sancho,26.9,14.2,24.2,32.2,,
13,37,13,40,1,white,,dribble,sideways,fernandes,24.2,32.2,28.3,34.7,,
13,40,13,41,1,white,elneny,pass,sideways,,28.3,34.7,29.3,30,,
13,41,13,42,1,elneny,,dribble,f,matic,29.3,30,35.3,34,,
13,42,13,43,1,elneny,smith_rowe,pass,f,matic,35.3,34,42.7,40.5,,
13,43,13,44,1,smith_rowe,xhaka,pass,b.a,lindelof,42.7,40.5,35.6,42.8,,
13,48,,,1,varane,,won,intercepted.longball,nketiah,77.3,46.6,,,,
13,48,,,1,varane,,clearance,,nketiah,77.3,46.6,,,,
13,51,,,1,dalot,,won,loose.ball,nketiah,92.7,55.4,,,,
13,51,13,53,1,dalot,,dribble,sideways,nketiah,92.7,55.4,86.4,63.9,,
13,53,13,54,1,dalot,mctominay,pass,f,nketiah,86.4,63.9,80.3,54.3,,
13,54,13,57,1,mctominay,,dribble,sideways,,80.3,54.3,77.6,45.1,,
13,57,14,0,1,mctominay,sancho,pass,f,,77.6,45.1,66.4,8.5,,
14,0,14,1,1,sancho,telles,pass,b,saka,66.4,8.5,80.9,10,,
14,2,14,2,1,telles,sancho,pass,f,saka,80.9,10,74.8,6.4,,
14,4,14,6,1,sancho,,dribble,b,saka,74.8,6.4,75.8,7.4,,
14,6,14,7,1,sancho,varane,pass,b,saka,75.8,7.4,84.7,17.9,,
14,9,14,10,1,varane,lindelof,pass,sideways,,84.7,17.9,84.7,48.5,,
14,10,14,12,1,lindelof,,dribble,f,,84.7,48.5,77.1,51.3,,
14,12,14,13,1,lindelof,dalot,pass,f,smith_rowe,77.1,51.3,69.6,65.5,,
14,14,14,15,1,dalot,ronaldo,pass,f,nketiah,69.6,65.5,58.6,62.2,,
14,16,14,18,1,ronaldo,elanga,pass,f,gabriel,58.6,62.2,38.5,65.5,,
14,18,14,21,1,elanga,,dribble,f,tavares,38.5,65.5,8.4,41.4,,
15,20,15,21,1,telles,matic,set,throwin,odegaard,19.9,0.3,27.5,4,25.3,6
15,22,,,1,matic,telles,pass,f,saka,27.5,4,21.6,1.1,20,5.5
15,23,15,23,1,telles,sancho,pass,f,cedric,21.6,1.1,16.1,2.3,15.7,3.9
15,26,,,1,elneny,,won,intercepted.p,telles,5.5,3.5,,,7.3,4.3
15,28,15,28,1,elneny,,dribble,,telles,5.5,3.5,4.5,1.2,5.5,2.3
15,28,,,1,sancho,,won,intercepted.p,saka,12.8,2.1,,,14.4,2.9
15,28,15,31,1,sancho,,dribble,,cedric,12.8,2.1,1.7,2.6,2.6,2.3
15,31,15,33,1,elneny,,clearance,out,sancho,1.3,3.8,0.3,8.2,1.4,3.5
15,46,15,47,1,fernandes,telles,pass,b.a,,0.9,0.6,4.9,2.6,,
15,47,15,48,1,telles,fernandes,pass,b.a,saka,4.9,2.6,10.5,4.8,7.5,8.5
15,48,15,49,1,fernandes,,dribble,s,saka,10.5,4.8,15,9.7,12.3,10.3
16,20,16,21,1,ramsdale,,set,goalkick,,6,28.9,68.7,7.9,,
16,24,,,1,matic,,clearance,header.out,saka,68.7,7.9,57.9,-0.9,65.8,6.3
16,30,16,32,1,cedric,white,pass,b,,55,-0.1,30.5,5.1,,
16,32,16,34,1,white,,dribble,b,fernandes,30.5,5.1,25.6,8.2,,
16,34,16,36,1,white,ramsdale,pass,b,fernandes,25.6,8.2,11.8,29.5,29.3,7.2
16,36,16,38,1,ramsdale,white,pass,s,,11.8,29.5,20.6,13.2,,
16,42,16,44,1,white,ramsdale,pass,s,fernandes,20.6,13.2,9.4,27.5,24.5,13.9
16,44,16,45,1,ramsdale,elneny,pass,f.d,fernandes,11.1,30.3,27.8,29.6,25.9,28.3
16,46,16,47,1,elneny,ramsdale,pass,b,fernandes,24.7,30.2,8.7,30.6,23,27.7
16,49,16,50,1,ramsdale,elneny,pass,f.d,fernandes,8.7,30.6,19.1,26.2,11.6,27.9
16,51,16,53,1,elneny,,dribble,f,,19.1,26.2,24.3,24.2,,
16,53,16,54,1,elneny,xhaka,pass,s,,24.3,24.2,35.5,49.8,,
16,54,16,57,1,xhaka,nketiah,pass,f,,35.5,49.8,55.1,51.4,,
16,57,17,3,1,nketiah,,dribble,f,elanga,55.1,51.4,81.9,44.9,80.6,46.3
18,28,,,1,odegaard,,set,freekick,,79.1,42.6,,,,
18,28,18,30,1,odegaard,,shot.attack,offtarget.out,,79.1,42.6,105.2,40.4,,
18,43,,,1,de_gea,,set,goalkick,,99.1,34,97.3,26.2,,
18,43,18,45,1,de_gea,varane,pass,s,,99.1,34,97.3,26.2,,
18,45,18,46,1,varane,lindelof,dribble,s,odegaard,97.3,26.2,95.7,30.7,93,29.8
18,46,18,50,1,lindelof,,dribble,s,nketiah,97.7,50.7,95.2,54.9,92.1,53.6
18,52,,,1,tavares,,won,duel.won,elanga,57.1,63.1,,,55.7,64.1
18,54,,,1,matic,,won,loose.ball,,75.9,49.7,,,,
18,54,18,55,1,matic,mctominay,pass,s,,75.9,49.7,77.3,52.1,,
18,55,18,57,1,mctominay,,dribble,s,,77.3,52.1,74.5,42.9,,
18,57,18,59,1,mctominay,varane,pass,b,,74.5,42.9,80.2,32.9,,
18,59,19,0,1,varane,matic,pass,s,odegaard,80.2,32.9,76.1,38.7,,
19,0,19,3,1,matic,fernandes,pass,f,,76.1,38.7,60.6,44.7,,
19,4,,,1,xhaka,,won,intercepted.p,mctominay,60.7,44.7,,,,
19,6,,,1,nketiah,,won,loose.ball,,69,42.7,,,,
19,7,,,1,fernandes,,won,challenge.ground.won,,69,42.7,,,,
19,7,19,8,1,fernandes,varane,pass,b,,69,42.7,81.5,34.9,,
19,8,19,9,1,varane,de_gea,pass,b,,81.5,34.9,98.8,34.3,,
19,13,19,14,1,de_gea,varane,pass,f,,98.8,34.3,92.1,26.2,,
19,15,19,16,1,varane,telles,pass,s,,92.1,26.2,85.1,13,,
19,17,19,18,1,telles,sancho,pass,f,saka,85.1,13,63.6,3.3,,
19,21,19,22,1,white,,won,intercepted.p,,56.8,5.3,,,,
19,22,,,1,white,,clearance,out,sancho,56.8,5.3,57,0.1,,
19,33,,,1,telles,,set,throwin,,57.7,0.3,,,,
19,33,19,34,1,telles,matic,pass,b,,57.7,0.3,65,4.3,,
19,34,,,1,matic,telles,pass,f.d,odegaard,65,4.3,57.8,1.5,,
19,35,19,36,1,telles,sancho,pass,f,saka,57.8,1.5,48.2,8.8,,
19,36,19,37,1,sancho,matic,pass,b,white,48.2,8.8,59.4,9,,
19,37,19,38,1,matic,,dribble,s,saka,59.4,9,60.4,12.2,,
19,38,19,39,1,matic,ronaldo,pass,f,saka,60.4,12.2,49.7,32,,
19,40,19,42,1,ronaldo,dalot,pass,s,,49.7,32,55.1,45.4,,
19,42,19,44,1,dalot,,dribble,f,,55.1,45.4,48.4,49.6,,
19,44,19,45,1,dalot,elanga,pass,f,,48.4,49.6,36.1,66.7,,
19,45,19,47,1,elanga,,dribble,f,,36.1,66.7,32.3,62.4,,
19,47,19,48,1,elanga,ronaldo,pass,f,,32.3,62.4,18.5,52.4,,
19,48,19,50,1,ronaldo,dalot,pass,s,tavares,18.5,52.4,12.6,60.7,,
19,50,19,51,1,dalot,ronaldo,pass,s,tavares,12.6,60.7,12.9,48.8,,
19,52,,,1,ronaldo,,shot.attack,offtarget.out,gabriel,12.9,48.8,-0.1,36.3,,
20,23,,,1,ramsdale,,set,goalkick,,6,33.3,,,,
20,27,,,1,telles,,won,duel.won,,59.3,4.8,,,,
20,27,20,29,1,telles,mctominay,pass,header,,59.3,4.8,60,24.2,,
20,29,20,30,1,mctominay,,dribble,s,odegaard,60,24.2,58,20.4,,
20,46,,,1,matic,,set,freekick,,57.7,21.1,,,,
20,46,20,47,1,matic,mctominay,pass,s,,57.7,21.1,56.1,23.9,,
20,47,,,1,mctominay,varane,pass,b,odegaard,56.1,23.9,62.8,21.9,,
20,48,20,49,1,varane,,dribble,b,,62.8,21.9,64.9,23.9,,
20,49,20,51,1,varane,lindelof,pass,s,,64.9,23.9,71.2,40.2,,
20,51,20,53,1,lindelof,,dribble,s,,71.2,40.2,69,43.2,,
20,53,20,54,1,lindelof,dalot,pass,s,,69,43.2,65.6,61,,
20,55,20,58,1,dalot,ronaldo,pass,deepball,smith_rowe,65.6,61,19.6,45.6,,
20,59,,,1,ramsdale,,won,loose.ball,,14,43.5,,,,
21,0,21,1,1,ramsdale,elneny,pass,throw,,14,43.5,24.5,34,,
21,1,21,3,1,elneny,,dribble,f,,24.5,34,29,29.6,,
21,3,21,5,1,elneny,saka,pass,f,telles,29,29.6,32.6,10,,
21,12,21,13,1,saka,odegaard,pass,f,,33,14.3,37.8,7.2,,
21,13,21,14,1,odegaard,elneny,pass,s,sancho,37.8,7.2,45,17.7,,
21,15,21,16,1,elneny,xhaka,pass,b.a,,45,17.7,37.8,30,,
21,16,21,20,1,xhaka,,dribble,f,,37.8,30,46.8,34,,
21,20,21,21,1,xhaka,white,pass,s,,46.8,34,40.9,24.6,,
21,25,,,1,white,xhaka,pass,s,fernandes,40.9,24.6,44.8,31.2,,
21,27,21,28,1,xhaka,odegaard,pass,f,fernandes,44.8,31.2,56.7,39.4,,
21,28,21,30,1,odegaard,gabriel,pass,b,elanga,56.7,39.4,42.7,63.4,,
21,31,21,33,1,gabriel,xhaka,pass,s,,42.7,63.4,38.4,54,,
21,33,21,35,1,xhaka,,dribble,f,,38.4,54,42.2,47.4,,
21,35,21,37,1,xhaka,white,pass,s,,42.2,47.4,42.4,27,,
21,38,21,39,1,white,cedric,pass,s,,42.4,27,43.4,15.4,,
21,40,21,41,1,cedric,xhaka,pass,s,sancho,43.4,15.4,41.8,26.9,,
21,43,21,44,1,xhaka,gabriel,pass,s,ronaldo,41.8,26.9,37.6,48.8,,
21,45,21,49,1,gabriel,,dribble,f,,37.6,48.8,50.2,56.4,,
21,49,21,50,1,gabriel,smith_rowe,pass,f,elanga,50.2,56.4,59.5,63,,
21,50,21,54,1,smith_rowe,,dribble,f,,59.5,63,83.5,67.4,,
21,54,,,1,elanga,,clearance,out,,83.5,67.4,,,,
22,4,,,1,tavares,,set,throwin,,84,67.4,,,,
22,4,22,5,1,tavares,xhaka,pass,,,84,67.4,84,62.9,,
22,5,22,6,1,xhaka,tavares,pass,s,mctominay,84,62.9,78.8,67.1,,
22,6,22,10,1,tavares,,dribble,s,mctominay,78.8,67.1,81.4,51.2,,
22,12,,,1,fernandes,,won,loose.ball,,77.6,48.1,,,,
22,12,22,16,1,fernandes,,dribble,f,elneny,77.6,48.1,57.4,22.4,,
22,16,22,16,1,fernandes,sancho,pass,f,,57.4,22.4,45.5,9.1,,
22,16,22,21,1,sancho,,dribble,f,odegaard,45.5,9.1,13,13.6,,
22,24,,,1,odegaard,,won,loose.ball,,11.9,14.1,,,,
22,24,22,28,1,odegaard,,dribble,f,,11.9,14.1,19.8,22.8,,
22,28,22,29,1,odegaard,xhaka,pass,s,,19.8,22.8,18.9,34.8,,
22,29,22,34,1,xhaka,,dribble,f,,18.9,34.8,33.4,35.8,,
22,34,22,36,1,xhaka,cedric,pass,s,,33.4,35.8,34.1,12.5,,
22,36,22,37,1,cedric,,dribble,f,,34.1,12.5,37.9,12.1,,
22,37,,,1,cedric,odegaard,pass,f,,37.9,12.1,41.4,10.6,,
22,37,22,43,1,odegaard,,dribble,f,,41.4,10.6,61.3,24.3,,
22,43,22,45,1,odegaard,gabriel,pass,b,,61.3,24.3,48.7,40.5,,
22,45,22,47,1,gabriel,,dribble,f,,48.7,40.5,56.3,47,,
22,48,22,49,1,gabriel,xhaka,pass,s,,56.3,47,59,43.1,,
22,49,22,50,1,xhaka,gabriel,pass,s,mctominay,59,43.1,56.3,47,,
22,51,22,52,1,gabriel,xhaka,pass,s,mctominay,56.3,47,57.3,43.1,,
22,53,,,1,xhaka,gabriel,pass,s,mctominay,57.3,43.1,56.3,47,,
22,53,22,55,1,gabriel,,dribble,f,elanga,56.3,47,61.4,57.9,,
22,55,22,56,1,gabriel,tavares,pass,f,,61.4,57.9,66,67,,
22,56,22,57,1,tavares,,dribble,b,dalot,66,67,62.1,66.4,,
22,57,22,58,1,tavares,gabriel,pass,b,dalot,62.1,66.4,48,65.8,,
22,58,23,0,1,gabriel,,dribble,b,elanga,48,65.8,38.5,64.9,,
23,0,23,1,1,gabriel,ramsdale,pass,b,elanga,38.5,64.9,20.6,46.5,,
23,1,23,4,1,ramsdale,,dribble,s,,20.6,46.5,21.6,39.5,,
23,5,23,6,1,ramsdale,gabriel,pass,f,,21.6,39.5,24.6,61.9,,
23,9,23,10,1,gabriel,xhaka,pass,s,,24.6,61.9,25,54.7,,
23,10,23,12,1,xhaka,,dribble,f,,25,54.7,28.5,51.7,,
23,12,23,14,1,xhaka,cedric,pass,s,,28.5,51.7,26.3,20.9,,
23,14,,,1,sancho,,won,intercepted.p,,32.1,19.2,,,,
23,14,23,21,1,sancho,,dribble,f,cedric,32.1,19.2,12.1,13.7,,
23,21,23,22,1,sancho,fernandes,pass,b.a,odegaard,12.1,13.7,22.4,22.5,,
23,22,23,23,1,fernandes,ronaldo,pass,s,,22.4,22.5,20.6,18.6,,
23,24,23,25,1,ronaldo,fernandes,pass,b.a,elneny,20.6,18.6,23.7,24.1,,
23,25,23,26,1,fernandes,dalot,pass,s,white,23.7,24.1,27.6,38,,
23,28,23,29,1,dalot,,shot.attack,ontarget.woodwork,,27.6,38,0,32.9,,
23,31,,,1,sancho,,won,loose.ball,,8.4,18.8,,,,
23,31,,,1,sancho,ronaldo,pass,s,,8.4,18.8,11.8,26.1,,
23,33,,,1,gabriel,,won,intercepted.p,,12,33.9,,,,
23,33,23,40,1,gabriel,,clearance,,,12,33.9,,,,
23,40,,,1,varane,,won,loose.ball,,65.1,0.7,,,,
23,40,23,45,1,varane,,dribble,s,,65.1,0.7,64.1,10.8,,
23,45,23,46,1,varane,lindelof,pass,s,,64.1,10.8,70.5,36.5,,
23,48,23,49,1,lindelof,matic,pass,s,,70.5,36.5,69.5,27.6,,
23,49,23,52,1,matic,,dribble,f,nketiah,69.5,27.6,57.7,32.7,,
23,52,23,55,1,matic,dalot,pass,f,nketiah,57.7,32.7,46.1,62.1,,
23,56,23,57,1,dalot,elanga,pass,f,smith_rowe,46.1,62.1,39.2,67.3,,
23,59,24,0,1,elanga,matic,pass,b.a,smith_rowe,39.2,67.3,44.5,63.3,,
24,0,24,1,1,matic,dalot,pass,s,xhaka,44.5,63.3,46,66.3,,
24,1,24,3,1,dalot,lindelof,pass,b,smith_rowe,46,66.3,58.6,53,,
24,5,24,7,1,lindelof,varane,pass,s,,58.6,53,63.4,27.9,,
24,7,24,8,1,varane,,dribble,f,odegaard,63.4,27.9,59.6,24.6,,
24,8,24,9,1,varane,telles,pass,s,odegaard,59.6,24.6,60,10.9,,
24,10,24,11,1,telles,sancho,pass,f,saka,60,10.9,48.6,3.3,,
24,13,,,1,saka,,won,intercepted.p,telles,39.6,4.3,,,,
24,13,24,18,1,saka,,dribble,f,mctominay,39.6,4.3,47.4,14,,
24,18,24,19,1,saka,elneny,pass,b,mctominay,47.4,14,39.4,19.9,,
24,19,24,21,1,elneny,,dribble,s,fernandes,39.4,19.9,42.2,17.2,,
24,21,,,1,elneny,cedric,pass,b,fernandes,42.2,17.2,37.5,7.2,,
24,22,24,23,1,cedric,white,pass,s,fernandes,37.5,7.2,31.9,16.3,,
24,23,24,24,1,white,xhaka,pass,f.d,mctominay,31.9,16.3,43.4,27.5,,
24,25,,,1,xhaka,elneny,pass,s,matic,43.4,27.5,43.4,21.7,,
24,25,24,26,1,elneny,,dribble,f,fernandes,43.4,21.7,47.5,22.7,,
24,26,24,28,1,elneny,odegaard,pass,df,fernandes,47.5,22.7,56,29.5,,
24,28,24,29,1,odegaard,,dribble,f,elanga,56,29.5,63.9,35.3,,
24,29,24,30,1,odegaard,nketiah,pass,f,elanga,63.9,35.3,68.6,29.4,,
24,32,24,32,1,nketiah,smith_rowe,pass,s,mctominay,68.6,29.4,70.2,41,,
24,32,24,33,1,smith_rowe,,dribble,s,elanga,70.2,41,74.6,44.8,,
24,33,24,35,1,smith_rowe,tavares,pass,f,elanga,74.6,44.8,86.8,57.5,,
24,36,,,1,mctominay,,won,intercepted.cross,,89,36.3,,,,
24,37,,,1,smith_rowe,,won,loose.ball,,84.5,43.3,,,,
24,37,24,38,1,smith_rowe,elneny,pass,b.a,mctominay,84.5,43.3,78.3,35.2,,
24,39,24,40,1,elneny,odegaard,pass,f,telles,78.3,35.2,86,30.7,,
24,40,24,42,1,odegaard,nketiah,pass,f,varane,86,30.7,95.3,29.7,,
24,42,,,1,nketiah,,shot.attack,block,varane,95.3,29.7,,,,
24,42,24,44,1,de_gea,,shot.defence,block,,102.5,34,,,,
24,44,,,1,elanga,,won,aerial.won,,82.2,50.6,,,,
25,6,,,1,tavares,,set,throwin,,81,67.4,,,,
25,6,5,8,1,tavares,gabriel,set,throwin,elanga,81,67.4,46.6,65.2,,
25,9,5,11,1,gabriel,white,pass,s,,46.6,65.2,34,42.6,,
25,11,5,13,1,white,,dribble,s,,34,42.6,33.3,38.3,,
25,13,,,1,white,cedric,pass,s,,33.3,38.3,33,30.2,,
25,13,5,16,1,cedric,white,pass,b,,33,30.2,35,27.3,,
25,19,5,20,1,white,cedric,pass,s,,35,27.3,38.9,15.2,,
25,21,5,22,1,cedric,odegaard,pass,f,,38.9,15.2,57.4,4.4,,
25,22,5,24,1,odegaard,,dribble,b,,57.4,4.4,48.8,7.1,,
25,24,5,25,1,odegaard,white,pass,b,sancho,48.8,7.1,39.7,17,,
25,26,5,27,1,white,xhaka,pass,f,fernandes,39.7,17,44.7,29.4,,
25,27,5,32,1,xhaka,,dribble,,fernandes,44.7,29.4,61.8,56.5,,
25,32,5,33,1,xhaka,tavares,pass,s,fernandes,61.8,56.5,58.6,67.1,,
25,33,5,35,1,tavares,gabriel,pass,b,dalot,58.6,67.1,47.6,66.4,,
25,36,5,38,1,gabriel,elneny,pass,s,,47.6,66.4,48.1,40.1,,
25,38,5,40,1,elneny,,dribble,s,,48.1,40.1,51.7,30.3,,
25,40,5,42,1,elneny,cedric,pass,s,,51.7,30.3,53.6,11.9,,
25,42,5,43,1,cedric,elneny,pass,s,sancho,53.6,11.9,57.3,21.8,,
25,46,5,47,1,elneny,smith_rowe,pass,s,mctominay,57.3,21.8,56,28.9,,
25,47,5,48,1,smith_rowe,white,pass,b,mctominay,56,28.9,45.8,24.3,,
25,51,,,1,white,nketiah,pass,f,,45.8,24.3,64.8,28.8,,
25,51,25,52,1,nketiah,,dribble,b,mctominay,64.8,28.8,60.7,29.2,,
25,52,5,53,1,nketiah,elneny,pass,b,mctominay,60.7,29.2,47.9,31.2,,
25,53,5,54,1,elneny,xhaka,pass,f,ronaldo,47.9,31.2,55.6,40.4,,
25,54,5,57,1,xhaka,,dribble,b,,55.6,40.4,45.1,42.7,,
25,58,5,59,1,xhaka,elneny,pass,f,,45.1,42.7,52.7,38.7,,
25,59,,,1,elneny,xhaka,pass,b,,52.7,38.7,46.9,42.8,,
26,1,26,3,1,xhaka,saka,pass,f,,46.9,42.8,63,40.8,,
26,3,26,4,1,saka,elneny,pass,b,matic,63,40.8,54.5,40.7,,
26,5,26,6,1,elneny,gabriel,pass,s,fernandes,54.5,40.7,54.7,58.3,,
26,9,26,10,1,gabriel,xhaka,pass,b,fernandes,54.7,58.3,46.4,54.7,,
26,10,26,11,1,xhaka,,dribble,b,fernandes,46.4,54.7,40.9,52.5,,
26,11,26,13,1,xhaka,ramsdale,pass,b,fernandes,40.9,52.5,20.9,44,,
26,15,26,16,1,ramsdale,xhaka,pass,f,,20.9,44,28.7,53.8,,
26,20,,,1,xhaka,smith_rowe,pass,f.d,fernandes,28.7,53.8,39,54.9,,
26,20,26,21,1,smith_rowe,elneny,pass,b,mctominay,39,54.9,24,49.1,,
26,22,26,26,1,elneny,,dribble,f,,24,49.1,37.8,31.7,,
26,26,26,27,1,elneny,odegaard,pass,f,,37.8,31.7,37.8,31.7,,
26,27,26,29,1,odegaard,,dribble,f,,55.1,23,61.7,20.8,,
26,29,26,31,1,odegaard,saka,pass,f,sancho,61.7,20.8,74.2,5.7,,
26,31,26,33,1,saka,,dribble,f,telles,74.2,5.7,87.4,8.7,,
26,33,26,36,1,saka,,dribble,s,sancho,87.4,8.7,86.3,18.3,,
26,36,26,37,1,saka,odegaard,pass,s,sancho,86.3,18.3,83.7,28.5,,
26,37,26,38,1,odegaard,saka,pass,f,telles,83.7,28.5,93.6,28.9,,
32,28,32,29,1,lindelof,,dribble,s,smith_rowe,76.7,38.8,77.7,37.8,,
32,29,32,32,1,lindelof,varane,pass,s,odegaard,77.7,37.8,78,13.3,,
32,32,,,1,elneny,,won,intercepted.p,sancho,65.7,21.1,,,,
32,35,,,1,de_gea,,won,loose.ball,,96.6,28.8,,,,
32,36,32,38,1,de_gea,dalot,pass,throw,,96.6,28.8,80.1,59.9,,
32,40,32,41,1,dalot,lindelof,pass,b,smith_rowe,80.1,59.9,92,51.2,,
32,42,32,43,1,lindelof,dalot,pass,f,nketiah,92,51.2,82.2,64.6,,
32,44,,,1,tavares,,won,intercepted.p,fernandes,72.2,64.6,,,,
32,45,,,1,dalot,,won,intercepted.p,smith_rowe,81.7,63.7,,,,
32,45,32,46,1,dalot,,dribble,s,smith_rowe,81.7,63.7,81.9,60.7,,
32,46,32,49,1,dalot,ronaldo,pass,longball,smith_rowe,81.9,60.7,48.2,32,,
32,49,32,50,1,ronaldo,sancho,pass,header,white,48.2,32,41.6,30.4,,
32,50,32,51,1,sancho,,dribble,f,white,41.6,30.4,38.8,28.6,,
32,51,32,55,1,sancho,ronaldo,pass,f,white,38.8,28.6,10.6,16.3,,
32,55,32,57,1,ronaldo,,dribble,s,cedric,10.6,16.3,11.6,17.3,,
32,57,32,59,1,ronaldo,telles,pass,b.a,cedric,11.6,17.3,21.7,11.6,,
33,0,33,1,1,telles,sancho,pass,s,saka,21.7,11.6,17.1,7.2,,
33,1,33,7,1,sancho,,dribble,s,saka,17.1,7.2,17.9,18.1,,
33,7,33,8,1,sancho,matic,pass,b.a,cedric,17.9,18.1,25.7,15.4,,
33,9,33,11,1,matic,ronaldo,pass,cross,odegaard,25.7,15.4,6.8,36.3,,
33,11,33,11,1,ronaldo,,shot.attack,ontarget.goal,gabriel,6.8,36.3,-0.4,35,,
33,59,,,1,ronaldo,,won,intercepted.p,,56.2,20.6,,,,
35,26,,,1,white,,set,freekick,,38.9,20.6,,,,
35,28,35,30,1,white,ramsdale,pass,b,fernandes,38.9,20.6,21.6,28.5,,
35,33,35,35,1,ramsdale,white,pass,s,,21.6,28.5,21.7,22.2,,
35,36,35,41,1,white,,dribble,f,,21.7,22.2,29.1,23,,
35,41,35,43,1,white,ramsdale,pass,b,fernandes,29.1,23,15.3,34.9,,
35,46,35,47,1,ramsdale,white,pass,s,,15.3,34.9,15.2,23.1,,
35,49,35,51,1,white,ramsdale,pass,s,fernandes,15.2,23.1,10.5,36.8,,
35,51,35,53,1,ramsdale,white,pass,s,sancho,10.5,36.8,9.6,21.8,,
35,53,35,53,1,white,elneny,pass,f.d,sancho,9.6,21.8,18,29,,
35,53,35,55,1,elneny,cedric,pass,s,mctominay,18,29,13.1,9.4,,
35,56,,,1,sancho,,won,intercepted.p,,13.1,9.4,,,,
35,56,35,59,1,sancho,,dribble,b.a,odegaard,22.7,9.4,29.1,7,,
35,59,36,0,1,sancho,fernandes,pass,s,odegaard,29.1,7,33.3,11.9,,
36,0,36,1,1,fernandes,,dribble,s,,33.3,11.9,37.1,24.1,,
36,1,36,3,1,fernandes,ronaldo,pass,cross,,37.1,24.1,10.8,48.8,,
36,3,36,6,1,ronaldo,,dribble,s,tavares,10.8,48.8,10.8,46.6,,
36,6,,,1,ronaldo,,shot.attack,blocked.player,tavares,10.8,46.6,,,,
36,6,,,1,tavares,,shot.defence,block,,8.4,46,,,,
36,7,,,1,ramsdale,,won,loose.ball,,2.8,41.3,,,,
36,7,,,1,ramsdale,,carry,,,2.8,41.3,13,33.4,,
36,18,36,20,1,ramsdale,white,pass,s,,13,33.4,15.1,26.2,,
36,20,36,22,1,white,,dribble,f,,15.1,26.2,17.1,26.2,,
36,22,36,24,1,white,elneny,pass,s,,17.1,26.2,20.8,30.8,,
36,24,36,26,1,elneny,,dribble,f,fernandes,20.8,30.8,23.8,34.8,,
36,26,36,27,1,elneny,xhaka,pass,f,fernandes,23.8,34.8,27.6,43.5,,
36,29,36,31,1,xhaka,nketiah,pass,f,fernandes,27.6,43.5,42.7,46.6,,
36,31,36,33,1,nketiah,elneny,pass,b,mctominay,42.7,46.6,30.1,29.3,,
36,33,36,36,1,elneny,,dribble,f,,30.1,29.3,33.9,25.4,,
36,36,36,38,1,elneny,xhaka,pass,s,,33.9,25.4,33.9,36.1,,
36,38,36,41,1,xhaka,,dribble,f,,33.9,36.1,45.7,44.6,,
36,41,36,42,1,xhaka,tavares,pass,f,fernandes,45.7,44.6,57.9,67.6,,
36,44,,,1,tavares,smith_rowe,pass,s,elanga,57.9,67.6,66.2,64.2,,
36,44,36,45,1,smith_rowe,xhaka,pass,b,,66.2,64.2,60,63.3,,
36,48,36,49,1,xhaka,elneny,pass,b,fernandes,60,63.3,55.8,44.2,,
36,50,36,53,1,elneny,saka,pass,s,,55.8,44.2,67.9,3.5,,
36,53,36,56,1,saka,cedric,pass,b,,67.9,3.5,58.4,6,,
36,58,36,59,1,cedric,,dribble,b,,58.4,6,53,10,,
36,59,37,0,1,cedric,white,pass,b,,53,10,37.2,13,,
37,1,37,4,1,white,ramsdale,pass,b,,37.2,13,25.1,34.1,,
37,13,,,1,telles,,won,duel.won,,96.3,12.5,,,,
37,13,37,16,1,telles,,dribble,s,saka,96.3,12.5,103.9,3.3,,
37,16,37,17,1,telles,saka,won,deflect.ball.out.off.opponent,saka,103.9,3.3,,,,
37,36,,,1,telles,,set,throwin,,98.3,0.5,,,,
37,36,37,37,1,telles,fernandes,pass,f,,98.3,0.5,94.1,2.4,,
37,37,37,39,1,fernandes,ronaldo,pass,f,saka,94.1,2.4,75.6,11.3,,
37,39,,,1,ronaldo,,won,aerial.won,,75.6,11.3,,,,
37,40,,,1,cedric,,won,loose.ball,,75.3,7.5,,,,
37,40,37,43,1,cedric,white,pass,b,,75.3,7.5,65.1,6.2,,
37,44,37,46,1,white,gabriel,pass,s,,65.1,6.2,51.9,25,,
37,47,37,48,1,gabriel,,dribble,f,,51.9,25,55.4,28.7,,
37,48,37,51,1,gabriel,tavares,pass,f,,55.4,28.7,70.5,59.9,,
37,51,37,52,1,tavares,,dribble,s,mctominay,70.5,59.9,68.3,54.6,,
37,52,37,54,1,tavares,xhaka,pass,b,mctominay,68.3,54.6,56.9,51.7,,
37,57,37,58,1,xhaka,gabriel,pass,b,elanga,56.9,51.7,46.9,43.2,,
37,59,38,0,1,gabriel,nketiah,pass,f,,46.9,43.2,61.7,41.7,,
38,0,38,1,1,nketiah,cedric,pass,s,mctominay,61.7,41.7,55.3,11.5,,
38,3,38,4,1,cedric,,dribble,f,,55.3,11.5,61.2,12.1,,
38,4,38,7,1,cedric,saka,pass,f,,61.2,12.1,82.7,7,,
38,7,38,10,1,saka,,dribble,f,sancho,82.7,7,92.1,8.5,,
38,10,38,12,1,saka,cedric,pass,f,sancho,92.1,8.5,99.2,9.7,,
38,12,38,13,1,cedric,,dribble,b.a,sancho,99.2,9.7,101.7,6.9,,
38,13,38,15,1,cedric,saka,pass,b.a,sancho,101.7,6.9,94.4,7,,
38,15,38,16,1,saka,,dribble,b.a,matic,94.4,7,90.4,7.6,,
38,16,38,17,1,saka,elneny,pass,b.a,matic,90.4,7.6,76.5,18.6,,
38,17,38,18,1,elneny,odegaard,pass,f,ronaldo,76.5,18.6,85.1,19.3,,
38,18,38,19,1,odegaard,,dribble,s,ronaldo,85.1,19.3,85.3,16,,
38,19,38,20,1,odegaard,saka,pass,f,matic,85.3,16,91.5,10,,
38,20,38,21,1,saka,,dribble,f,,91.5,10,95,10.3,,
38,21,38,23,1,saka,elneny,pass,b.a,matic,95,10.3,85.1,20.5,,
38,23,38,24,1,elneny,,shot.attack,ontarget.blocked,ronaldo,85.1,20.5,,,,
38,24,38,25,1,de_gea,,shot.defence,parry.out,,103.6,35.5,104.9,46,,
39,5,39,8,1,cedric,,set,cornerkick,,105,68,,,,
39,8,39,10,1,mctominay,,clearance,header,nketiah,100.6,35.5,,,,
39,10,39,11,1,saka,,won,loose.ball,telles,92.2,28.9,,,,
39,11,,,1,saka,,shot.attack,ontarget.blocked,,92.2,28.9,,,,
39,11,,,1,elanga,,shot.defence,block.player,,100.7,32.9,,,,
39,12,,,1,saka,,won,loose.ball,,95.1,28.3,,,,
39,12,,,1,saka,,shot,ontarget.blocked,dalot,95.1,28.3,,,,
39,14,,,1,smith_rowe,,won,loose.ball,dalot,98.1,13.4,,,,
39,14,39,16,1,smith_rowe,,dribble,b.a,dalot,98.1,13.4,92.9,6.9,,
39,16,39,17,1,smith_rowe,odegaard,pass,b.a,dalot,92.9,6.9,83,10.8,,
39,17,39,19,1,odegaard,,dribble,s,telles,83,10.8,80.7,15.1,,
39,19,39,21,1,odegaard,gabriel,pass,cross,telles,80.7,15.1,95.2,43.2,,
39,30,,,1,de_gea,,set,goalkick,,101.5,41,,,,
39,30,39,33,1,de_gea,fernandes,pass,f,,101.5,41,90.9,59.5,,
39,33,39,36,1,fernandes,,dribble,f,,90.9,59.5,82.6,57.3,,
39,36,39,37,1,fernandes,dalot,pass,b,,82.6,57.3,77.3,57.9,,
39,38,39,40,1,dalot,de_gea,pass,b,,77.3,57.9,100.9,35.3,,
39,42,39,45,1,de_gea,varane,pass,s,,100.9,35.3,94.8,6.8,,
39,45,39,49,1,varane,,dribble,f,odegaard,94.8,6.8,82.6,7.1,,
39,49,,,1,varane,telles,pass,s,odegaard,82.6,7.1,83.4,0.9,,
39,50,39,51,1,telles,varane,pass,f,white,83.4,0.9,69.6,6.2,,
39,53,,,1,varane,,won,loose.ball,white,65.1,5.3,,,,
39,53,,,1,varane,ronaldo,pass,header,white,65.1,5.3,56.4,11.8,,
39,53,39,54,1,ronaldo,,dribble,b,elneny,56.4,11.8,66.8,7.8,,
39,55,,,1,saka,,won,intercepted.p,,68.8,7.8,,,,
39,55,39,56,1,saka,,dribble,s,sancho,71.4,6.9,70.9,13.3,,
39,56,39,58,1,saka,xhaka,pass,b,sancho,70.9,13.3,56.7,22.3,,
39,58,40,1,1,xhaka,gabriel,pass,b,fernandes,56.7,22.3,31.8,39.3,,
40,2,40,3,1,gabriel,ramsdale,pass,b,,31.8,39.3,15.4,34.3,,
40,6,40,7,1,ramsdale,gabriel,pass,f,,15.4,34.3,18.9,48.4,,
40,7,40,12,1,gabriel,,dribble,f,,18.9,48.4,30.8,49.1,,
40,12,40,13,1,gabriel,xhaka,pass,s,,30.8,49.1,34.6,44.4,,
40,14,40,15,1,xhaka,gabriel,pass,s,,34.6,44.4,34.3,50.4,,
40,15,40,16,1,gabriel,xhaka,pass,s,,34.3,50.4,34.9,43.7,,
40,18,40,19,1,gabriel,white,pass,s,,34.9,43.7,30.1,23.4,,
40,19,40,21,1,white,,dribble,s,,30.1,23.4,29.5,21,,
40,21,,,1,white,cedric,pass,s,,29.5,21,29.9,11,,
40,21,40,23,1,cedric,,dribble,f,,29.9,11,33.2,9.4,,
40,23,40,24,1,cedric,white,pass,b,,33.2,9.4,28,19.3,,
40,26,40,27,1,white,elneny,pass,f,,28,19.3,38.5,20.1,,
40,27,40,28,1,elneny,,dribble,f,,38.5,20.1,41.8,21.4,,
40,28,,,1,matic,,won,intercepted.p,,43.3,16.2,,,,
40,28,40,29,1,matic,sancho,pass,s,,43.3,16.2,37.1,7.6,,
40,29,40,36,1,sancho,,dribble,f,,37.1,7.6,,,,
40,36,,,1,sancho,,won,deflect.ball.out.off.opponent,elneny,13.2,3.5,,,,
41,35,41,36,1,ramsdale,white,pass,s,,15.1,34,17.5,25.1,,
41,36,41,41,1,white,,dribble,f,,17.5,25.1,22.1,25.2,,
41,42,41,44,1,white,gabriel,pass,s,,22.1,25.2,19.3,48.7,,
41,44,41,47,1,gabriel,,dribble,s,,19.3,48.7,22,48.5,,
41,47,41,48,1,gabriel,ramsdale,pass,b,,22,48.5,12.3,38.2,,
41,51,,,1,ramsdale,white,pass,s,,12.3,38.2,14.4,25.2,,
41,52,41,55,1,white,,dribble,f,,14.4,25.2,16.4,25.2,,
41,56,41,57,1,white,nketiah,pass,f,fernandes,16.4,25.2,41.3,28.8,,
41,57,42,0,1,nketiah,,dribble,b.a,varane,41.3,28.8,35.5,25.8,,
42,0,42,1,1,nketiah,saka,pass,f,,35.5,25.8,52.3,11.9,,
42,4,,,1,varane,,won,intercepted.p,odegaard,69.4,13.3,,,,
42,4,42,7,1,varane,de_gea,pass,b,,69.4,13.3,97,34.3,,
42,7,42,9,1,de_gea,lindelof,pass,f.d,odegaard,97,34.3,86.6,33.3,,
42,9,42,10,1,lindelof,varane,pass,s,,86.6,33.3,94.6,19.1,,
42,11,42,14,1,varane,elanga,clearance,,saka,94.6,19.1,63.8,64.3,,
42,30,,,1,dalot,,set,freekick,,70.2,64.8,,,,
42,30,42,32,1,dalot,lindelof,pass,b,,70.2,64.8,86.6,57.3,,
42,33,42,34,1,lindelof,matic,pass,f,,86.6,57.3,78,57.2,,
42,35,42,37,1,matic,mctominay,pass,f,xhaka,78,57.2,68.2,56.4,,
42,37,42,40,1,mctominay,,dribble,f,smith_rowe,68.2,56.4,51.6,57.5,,
42,40,42,41,1,mctominay,elanga,pass,f,smith_rowe,51.6,57.5,37.4,67,,
42,41,42,42,1,elanga,,dribble,f,,37.4,67,34.6,65.5,,
42,42,42,43,1,elanga,sancho,pass,f,,34.6,65.5,25.6,57.2,,
43,20,43,25,1,ramsdale,,set,goalkick,,6.4,29.8,,,,
43,28,,,1,odegaard,,won,loose.ball,,67.7,13.9,,,,
43,28,,,1,fernandes,,won,tackled,fernandes,69,10.9,,,,
43,30,,,1,fernandes,matic,pass,aerial,,69,10.9,79.4,10.7,,
43,30,,,1,saka,,won,loose.ball,telles,76,6.6,,,,
43,31,43,32,1,saka,nketiah,pass,f,telles,76,6.6,79.8,6.3,,
43,32,43,34,1,nketiah,,dribble,f,telles,79.8,6.3,90.1,4.4,,
43,35,,,1,nketiah,,won,opponent.clearance.out,,90.1,4.4,,,,
43,35,,,1,telles,,clearance,out,,90.1,4.5,90.1,0,,
43,55,,,1,cedric,,set,throwin,,87.5,0.6,,,,
43,57,43,58,1,nketiah,saka,pass,b.a,varane,99.4,15.9,98.5,18.8,,
43,58,,,1,varane,,won,loose.ball,,99.8,14.6,,,,
43,59,44,0,1,varane,,dribble,f,saka,99.8,14.6,96.4,15.4,,
44,1,44,2,1,varane,sancho,pass,s,saka,96.4,15.4,93.1,5.1,,
44,3,44,4,1,sancho,telles,pass,b,cedric,93.1,5.1,99,4.9,,
44,5,,,1,odegaard,,won,intercepted.p.header,,87,10.8,,,,
44,5,,,1,odegaard,smith_rowe,pass,header,,87,10.8,80,14.8,,
44,6,44,7,1,smith_rowe,odegaard,pass,header,elanga,80,14.8,83.5,9.6,,
44,7,44,9,1,odegaard,,dribble,f,fernandes,83.5,9.6,89.7,6.8,,
44,10,,,1,telles,,won,theft,odegaard,90.1,8.2,,,,
44,10,44,11,1,telles,,dribble,f,odegaard,90.1,8.2,88.2,9,,
44,11,44,12,1,telles,matic,pass,s,odegaard,88.2,9,83.4,12.5,,
44,12,44,15,1,matic,,dribble,f,odegaard,83.4,12.5,80.7,12.3,,
44,15,44,16,1,matic,telles,pass,s,odegaard,80.7,12.3,82.6,6.6,,
44,17,,,1,elneny,,won,intercepted.p,,72.1,7.1,,,,
44,37,,,1,telles,,set,throwin,,55.1,0.2,,,,
44,37,44,39,1,telles,matic,pass,f,,55.1,0.2,42.8,8.8,,
44,41,,,1,gabriel,,won,5050.ground,ronaldo,38.9,26.8,,,,
44,42,,,1,dalot,,won,intercepted.p.header,smith_rowe,48.7,35.6,,,,
44,44,,,1,white,,won,intercepted.p.header,,25,19.9,,,,
44,44,,,1,white,ramsdale,pass,b,elanga,25,19.9,4.2,17.9,,
44,49,45,5,1,ramsdale,,carry,,,4.2,17.9,12.6,30.9,,
45,5,45,11,1,ramsdale,,dribble,,,12.6,30.9,20.6,25.8,,
45,15,,,1,varane,,won,intercepted.longball,nketiah,83.4,15.8,,,,
45,15,45,16,1,varane,matic,pass,header,nketiah,83.4,15.8,80,15.4,,
45,17,45,18,1,matic,mctominay,pass,s,saka,80,15.4,79.6,20.6,,
45,19,,,1,cedric,,won,5050.aerial,sancho,72.6,18.3,,,,
45,19,45,21,1,cedric,odegaard,pass,header,sancho,72.6,18.3,75.1,8.4,,
45,21,,,1,odegaard,saka,pass,f,matic,75.1,8.4,77.2,12.4,,
45,23,45,24,1,saka,nketiah,pass,f,matic,77.2,12.4,79.1,15,,
45,24,45,26,1,nketiah,odegaard,pass,s,varane,79.1,15,90.4,4.8,,
45,26,45,30,1,odegaard,,dribble,f,telles,90.4,4.8,85.9,11.4,,
45,31,,,1,lindelof,,won,aerial.won,nketiah,97,34.8,,,,
45,32,,,1,smith_rowe,,won,loose.ball,,93.3,45.3,,,,
45,32,45,34,1,smith_rowe,,dribble,s,dalot,93.3,45.3,92.6,55.7,,
45,34,45,35,1,smith_rowe,tavares,pass,b.a,dalot,92.6,55.7,80.9,57,,
45,35,45,36,1,tavares,xhaka,pass,s,elanga,80.9,57,79.8,51.9,,
45,37,45,38,1,xhaka,smith_rowe,pass,f,mctominay,79.8,51.9,83.7,63.9,,
45,40,,,1,varane,,clearance,header,,96.2,41.7,,,,
45,42,,,1,elanga,,clearance,header.out,smith_rowe,84.7,66.4,78.8,68,,
45,48,,,1,smith_rowe,,set,throwin,,77.4,67.6,,,,
45,48,,,1,smith_rowe,xhaka,pass,s,,77.4,67.6,76.6,62.6,,
45,48,,,1,xhaka,smith_rowe,pass,s,mctominay,76.6,62.6,75.1,67.3,,
45,49,45,54,1,smith_rowe,gabriel,pass,b,fernandes,75.1,67.3,34.4,63.2,,
45,54,45,56,1,gabriel,ramsdale,pass,b,,34.4,63.2,24.8,44.7,,
45,57,45,59,1,ramsdale,white,pass,s,,24.8,44.7,23.5,18.7,,
45,59,46,4,1,white,,dribble,f,,23.5,18.7,47.3,23,,
46,4,46,8,1,white,tavares,pass,longball,sancho,47.3,23,85.4,66.2,,
46,8,46,10,1,tavares,,dribble,,dalot,85.4,66.2,89.3,66.2,,
46,11,,,1,dalot,,won,loose.ball,,90.3,65.1,,,,
46,11,46,12,1,dalot,,dribble,s,tavares,90.3,65.1,93.1,59.4,,
46,12,46,13,1,dalot,elanga,pass,f,tavares,93.1,59.4,84.3,64.6,,
46,15,,,1,tavares,,won,tackle,,85.8,64,,,,
46,15,46,18,1,tavares,elneny,pass,b,,85.8,64,63.5,61.6,,
46,18,46,20,1,elneny,,dribble,b,elanga,63.5,61.6,58.7,50.6,,
46,20,46,21,1,elneny,gabriel,pass,b,,58.7,50.6,50.1,50.3,,
46,21,46,22,1,gabriel,elneny,pass,f.d,ronaldo,50.1,50.3,58.3,46.8,,
46,22,46,23,1,elneny,gabriel,pass,b,ronaldo,58.3,46.8,49.7,49.3,,
46,24,46,25,1,gabriel,white,pass,s,fernandes,49.7,49.3,46.3,36.7,,
46,25,46,28,1,white,,dribble,s,fernandes,46.3,36.7,45.8,28.6,,
46,28,46,30,1,white,cedric,pass,s,sancho,45.8,28.6,28.4,6.3,,
46,30,46,33,1,cedric,ramsdale,pass,b,sancho,28.4,6.3,12.7,17.2,,
46,33,46,36,1,ramsdale,,clearance,out,,12.7,17.2,19.5,-0.2,,
46,41,,,1,sancho,,set,throwin,,23.4,0.6,,,,
46,41,46,42,1,sancho,fernandes,pass,s,,23.4,0.6,23.7,9.1,,
46,42,46,44,1,fernandes,telles,pass,b.a,elneny,23.7,9.1,30,2,,
46,44,46,46,1,telles,fernandes,pass,f,elneny,30,2,25.1,4.4,,
46,46,46,47,1,fernandes,telles,pass,s,saka,25.1,4.4,29.3,9.6,,
46,47,46,49,1,telles,,dribble,f,elneny,29.3,9.6,19.5,15.4,,
46,49,46,50,1,telles,,shot.attack,ontarget.parried.in,elneny,19.5,15.4,3.1,30.4,,
46,50,,,1,ramsdale,,shot.defence,parried.in,,3.1,30.4,,,,
46,52,,,1,cedric,,clearance,out,,3.1,22.8,0.3,21.3,,
47,19,,,1,telles,,set,cornerkick,,0.8,0.5,,,,
47,22,,,1,white,,clearance,header,,3.5,32.2,,,,
47,22,,,1,white,,won,intercepted.cross,,3.5,32.2,,,,
47,25,,,1,fernandes,,won,loose.ball,,22.3,44.8,,,,
47,25,,,1,fernandes,,shot.attack,block.player,,22.3,44.8,,,,
47,25,,,1,gabriel,,shot.defence,block,,11,40.5,,,,
47,27,,,1,tavares,,won,loose.ball,fernandes,14.4,59.3,,,,
47,28,47,30,1,tavares,smith_rowe,pass,f,fernandes,14.4,59.3,40.4,65.8,,
47,30,47,37,1,smith_rowe,,dribble,f,,40.4,65.8,78.8,59,,
47,37,47,38,1,smith_rowe,saka,pass,s,,78.8,59,82,51.5,,
47,38,47,39,1,saka,smith_rowe,pass,f,mctominay,82,51.5,87,51.8,,
47,39,47,40,1,smith_rowe,nketiah,pass,s,,87,51.8,91.8,35.6,,
47,41,47,42,1,nketiah,odegaard,pass,b.a,telles,91.8,35.6,85.6,27,,
47,42,47,44,1,odegaard,,dribble,s,,85.6,27,84.9,31.5,,
47,44,47,45,1,odegaard,,shot.attack,ontarget.blocked,,84.9,31.5,103.3,35.9,,
47,45,47,47,1,de_gea,,shot.defence,parried.in,,103.3,35.9,,,,
47,47,,,1,tavares,,won,loose.ball,elanga,87.5,50.2,,,,
47,47,47,48,1,tavares,,dribble,f,elanga,87.5,50.2,91.8,51.1,,
47,48,,,1,tavares,,shot,offtarget.out,elanga,91.8,51.1,105.4,44.2,,
48,24,48,28,1,de_gea,,set,goalkick,,98.7,32.5,,,,
48,28,,,1,ronaldo,,won,aerial.won,,46.8,11.6,,,,
48,30,,,1,white,,won,loose.ball,,36.5,21.9,,,,
48,42,,,1,telles,,set,throwin,,78.4,1.4,,,,
48,42,48,44,1,telles,matic,pass,b,,78.4,1.4,68.5,6.8,,
48,44,48,45,1,matic,telles,pass,b,saka,68.5,6.8,79.2,3.3,,
48,47,48,50,1,telles,de_gea,pass,b,nketiah,79.2,3.3,97.6,33.1,,
48,51,48,53,1,de_gea,varane,pass,s,nketiah,97.6,33.1,94.1,12,,
48,55,,,1,varane,telles,pass,f,odegaard,94.1,12,,,,
48,57,,,1,white,,won,intercepted.p,ronaldo,63.5,10,,,,
48,59,,,1,sancho,,won,intercepted.p,,76.2,10.8,,,,
48,59,,,1,white,,won,loose.ball,,73.5,11.5,,,,
48,59,,,1,white,elneny,pass,f.d,,73.5,11.5,75.6,12.9,,
49,0,49,0,1,white,,won,loose.ball,,73.2,12.1,,,,
49,1,,,1,matic,,won,loose.ball,,73.1,11.4,,,,
49,1,49,2,1,matic,,dribble,b,white,73.1,11.4,79.4,14.1,,
49,2,,,1,matic,varane,pass,b,white,79.4,14.1,83.1,17.8,,
49,4,49,5,1,varane,lindelof,pass,s,nketiah,83.1,17.8,86.2,25.8,,
49,5,49,7,1,lindelof,,dribble,s,,86.2,25.8,83.3,31.3,,
49,7,49,8,1,lindelof,dalot,pass,s,,83.3,31.3,78.9,52.7,,
49,8,49,9,1,dalot,,dribble,f,,78.9,52.7,75,54.3,,
49,9,49,11,1,dalot,fernandes,pass,f,xhaka,75,54.3,22,57.7,,
49,15,,,1,ramsdale,,won,collect,,14.3,51.1,,,,
49,19,49,20,1,ramsdale,white,pass,f,,14.3,51.1,21.7,28,,
49,20,49,22,1,white,elneny,pass,f,,21.7,28,34.9,30.2,,
49,22,49,25,1,elneny,,dribble,f,fernandes,34.9,30.2,43,27.3,,
49,25,49,27,1,elneny,cedric,pass,s,,43,27.3,41.4,9.7,,
49,27,49,28,1,cedric,odegaard,pass,f,,41.4,9.7,60,5.1,,
49,28,49,30,1,odegaard,cedric,pass,b,sancho,60,5.1,44.2,6.6,,
49,30,49,34,1,cedric,,dribble,b,fernandes,44.2,6.6,29.2,9.9,,
49,34,49,35,1,cedric,white,pass,b,fernandes,29.2,9.9,22.1,12.3,,
49,36,49,38,1,white,ramsdale,pass,b,fernandes,22.1,12.3,9.1,38.6,,
49,38,49,39,1,ramsdale,,dribble,s,,9.1,38.6,10.1,30.6,,
49,39,49,42,1,ramsdale,,clearance,,ronaldo,10.1,30.6,,,,
49,42,,,1,lindelof,,won,intercept.clearance,,56.1,45.7,,,,
49,42,49,43,1,lindelof,,dribble,,,56.1,45.7,58.1,48.8,,
49,43,49,44,1,lindelof,dalot,pass,s,smith_rowe,58.1,48.8,55.6,61.8,,
49,46,49,48,1,lindelof,,dribble,s,,60.5,52.8,59.8,48.1,,
49,48,49,50,1,lindelof,varane,pass,s,,59.8,48.1,64.5,32.5,,
49,50,49,53,1,varane,,dribble,f,,64.5,32.5,56.5,28.8,,
49,53,49,56,1,varane,dalot,pass,longball,,56.5,28.8,31.2,63.6,,
49,56,49,58,1,dalot,elanga,pass,f,tavares,31.2,63.6,21.7,62.1,,
49,58,50,0,1,elanga,,dribble,b,smith_rowe,21.7,62.1,30.2,62.4,,
45,0,,,2,odegaard,,set,kickoff,,52.5,34,,,,
45,0,45,1,2,odegaard,ramsdale,pass,b,,52.5,34,20,46.1,,
45,5,,,2,varane,,won,intcepted.longball,nketiah,35.6,51.1,,,,
45,7,,,2,odegaard,,won,loose.ball,,33.8,59.9,,,,
45,7,45,8,2,odegaard,cedric,pass,s,sancho,33.8,59.9,33.9,64,,
45,10,,,2,sancho,,clearance,out,,31.3,65.5,,,,
45,9,,,2,cedric,,won,opponent.clearance.out,sancho,31.3,65.5,,,,
45,27,,,2,cedric,,set,throwin,,30.5,67.6,,,,
45,27,45,28,2,cedric,saka,pass,f,,30.5,67.6,24.2,57.3,,
45,28,45,30,2,saka,odegaard,pass,f,mctominay,24.2,57.3,12.5,59.8,,
45,30,45,31,2,odegaard,nketiah,pass,s,mctominay,12.5,59.8,7.4,53.2,,
45,34,,,2,dalot,,clearance,header,smith_rowe,10.6,33.4,,,,
45,37,,,2,xhaka,,won,loose.ball,elanga,33,25.1,,,,
45,40,,,2,xhaka,tavares,pass,s,,33,25.1,23.3,19.3,,
46,12,46,16,2,de_gea,,set,goalkick,,6.1,34.7,,,,
46,16,,,2,white,,won,aerial.won,ronaldo,65,45.2,,,,
46,16,46,17,2,white,saka,pass,f,,65,45.2,56.3,48.6,,
46,20,,,2,ronaldo,,won,intercepted.p,,65.7,41.2,,,,
46,22,,,2,tavares,,won,intercepted.p,elanga,78.1,35.8,,,,
46,22,46,25,2,tavares,,clearance,,elanga,78.1,35.8,73.9,62.4,,
46,25,,,2,cedric,,won,aerial.won,,73.9,62.4,,,,
46,25,46,26,2,cedric,odegaard,pass,header,sancho,73.9,62.4,62.9,65.3,,
46,27,46,28,2,odegaard,,dribble,b.a,telles,62.9,65.3,68.6,65.8,,
46,28,46,29,2,odegaard,elneny,pass,s,telles,68.6,65.8,73.7,62.2,,
46,29,46,33,2,elneny,nketiah,pass,f,mctominay,73.7,62.2,34.4,66,,
46,34,,,2,varane,,clearance,out,,32.7,66.7,32.7,68,,
46,50,,,2,cedric,,set,throwin,,33.8,68,,,,
46,50,46,52,2,cedric,elneny,pass,s,,33.8,68,33.1,62.2,,
46,53,46,54,2,elneny,cedric,pass,s,fernandes,33.1,62.2,34.6,67.6,,
46,54,46,56,2,cedric,,dribble,b,fernandes,34.6,67.6,39.8,62.5,,
46,56,46,58,2,cedric,white,pass,b,fernandes,39.8,62.5,56.6,60,,
46,58,47,0,2,white,tavares,pass,s,fernandes,56.6,60,50.3,15.6,,
47,0,47,2,2,tavares,,dribble,f,elanga,50.3,15.6,45.7,15.9,,
47,2,47,3,2,tavares,smith_rowe,pass,f,dalot,45.7,15.9,39,7.7,,
47,3,47,5,2,smith_rowe,tavares,pass,b,dalot,39,7.7,49.2,11.9,,
47,5,47,6,2,tavares,,dribble,f,,49.2,11.9,58,14.7,,
47,6,47,9,2,tavares,gabriel,pass,b,elanga,58,14.7,77.4,11.7,,
47,9,47,11,2,gabriel,ramsdale,pass,b,ronaldo,77.4,11.7,88.7,31.5,,
47,12,47,14,2,ramsdale,white,pass,s,,88.7,31.5,85.9,50.5,,
47,16,47,18,2,white,nketiah,pass,f,,85.9,50.5,58.9,42.9,,
47,18,47,19,2,nketiah,,dribble,s,,58.9,42.9,60.9,47,,
47,19,47,21,2,nketiah,odegaard,pass,s,varane,60.9,47,58.3,67,,
47,21,47,22,2,odegaard,,dribble,f,sancho,58.3,67,53.5,65.3,,
47,22,47,23,2,odegaard,saka,pass,f,sancho,53.5,65.3,47.7,65.7,,
47,23,47,25,2,saka,cedric,pass,b,telles,47.7,65.7,59.1,63.4,,
47,25,47,27,2,cedric,,dribble,s,fernandes,59.1,63.4,57.8,59,,
47,27,47,29,2,cedric,white,pass,b,fernandes,57.8,59,64.9,50.4,,
47,29,47,29,2,white,xhaka,pass,f,fernandes,64.9,50.4,62,47.3,,
47,30,47,31,2,xhaka,white,pass,b,mctominay,62,47.3,68.1,51.6,,
47,33,47,34,2,white,xhaka,pass,s,mctominay,68.1,51.6,68.3,46.8,,
47,34,47,36,2,xhaka,white,pass,b,mctominay,68.3,46.8,72.4,52,,
47,39,,,2,telles,,won,intercepted.longball,,47.4,58.2,,,,
47,41,,,2,xhaka,mctominay,won,5050.aerial,mctominay,68.7,51.9,,,,
47,41,47,42,2,xhaka,odegaard,pass,header,mctominay,68.7,51.9,60.1,56,,
47,42,47,44,2,odegaard,nketiah,pass,f,matic,60.1,56,54,59.8,,
47,44,47,49,2,nketiah,,dribble,f,,54,59.8,34.4,63.9,,
47,50,47,51,2,nketiah,xhaka,pass,b,,34.4,63.9,38.2,57.7,,
47,51,47,53,2,xhaka,,dribble,f,,38.2,57.7,34.8,59.8,,
47,53,47,54,2,xhaka,saka,pass,f,,34.8,59.8,30,66.6,,
47,54,47,56,2,saka,,dribble,f,sancho,30,66.6,26.9,66.6,,
47,56,47,58,2,saka,,dribble,b,sancho,26.9,66.6,32.6,65.7,,
47,58,47,59,2,saka,cedric,pass,b,,32.6,65.7,40.9,64.5,,
48,0,48,1,2,cedric,xhaka,pass,s,,40.9,64.5,40.3,52.5,,
48,1,48,2,2,cedric,,dribble,s,fernandes,40.3,52.5,41.7,48.6,,
48,2,48,3,2,xhaka,elneny,pass,s,fernandes,41.7,48.6,45.7,24.3,,
48,3,48,5,2,elneny,gabriel,pass,b,elanga,45.7,24.3,50.5,28.6,,
48,5,48,7,2,gabriel,,dribble,s,fernandes,50.5,28.6,55.7,21.2,,
48,23,,,2,de_gea,,set,goalkick,,4.5,34,,,,
48,23,48,25,2,de_gea,lindelof,pass,s,,4.5,34,7.6,16.6,,
48,26,48,27,2,lindelof,,dribble,s,,7.6,16.6,12.2,12.1,,
48,27,48,28,2,lindelof,dalot,pass,s,nketiah,12.2,12.1,14.4,5,,
48,30,48,30,2,dalot,mctominay,pass,s,smith_rowe,14.4,5,15.2,10.8,,
48,30,48,32,2,mctominay,,dribble,s,nketiah,15.2,10.8,15.4,18.1,,
48,32,48,34,2,mctominay,varane,pass,s,nketiah,15.4,18.1,11.6,46.7,,
48,35,48,36,2,varane,telles,pass,f,,11.6,46.7,26.4,64.2,,
48,39,,,2,white,,won,intercepted.p,fernandes,53.1,52.3,,,,
48,39,48,40,2,white,elneny,pass,f,fernandes,53.1,52.3,47,50.6,,
48,40,48,41,2,elneny,white,pass,header,fernandes,47,50.6,53.3,51.5,,
48,42,,,2,sancho,,won,intercepted.p.header,,47.7,59.1,,,,
48,43,48,44,2,sancho,fernandes,pass,f,cedric,47.7,59.1,56.3,53.4,,
48,44,48,46,2,fernandes,sancho,pass,s,elneny,56.3,53.4,64.2,61.2,,
48,46,48,47,2,sancho,,dribble,f,cedric,64.2,61.2,69.9,61.4,,
48,47,48,51,2,sancho,,dribble,f,cedric,84.5,66.7,84.5,66.7,,
48,51,,,2,white,,clearance,out,,84.5,66.7,84.5,68,,
49,15,,,2,telles,,set,throwin,,84.5,68.2,,,,
49,15,49,17,2,telles,fernandes,pass,f,,84.5,68.2,93.2,60.6,,
49,17,,,2,elneny,,won,loose.ball,,89.5,60.2,,,,
49,18,49,19,2,elneny,cedric,pass,b,,89.5,60.2,92.7,64.2,,
49,24,,,2,lindelof,,won,intercepted.longball,,46.8,30.3,,,,
49,24,49,27,2,lindelof,,dribble,f,,46.8,30.3,49.6,19.6,,
49,27,49,28,2,lindelof,ronaldo,pass,f,,49.6,19.6,58.6,6.2,,
49,30,49,31,2,ronaldo,lindelof,pass,b,white,58.6,6.2,46.1,11.7,,
49,32,49,34,2,lindelof,mctominay,pass,b,,46.1,11.7,34.2,30.1,,
49,34,49,36,2,mctominay,,dribble,f,nketiah,34.2,30.1,43.3,42,,
49,36,49,27,2,mctominay,matic,pass,s,nketiah,43.3,42,47.6,53.6,,
49,51,,,2,cedric,,set,throwin,,56.4,68.3,,,,
49,51,49,53,2,cedric,elneny,pass,s,,56.4,68.3,58.6,63.9,,
49,53,49,57,2,elneny,,dribble,s,fernandes,58.6,63.9,60.4,60.5,,
49,57,49,58,2,elneny,odegaard,pass,f,,60.4,60.5,47.6,61.7,,
49,58,50,0,2,odegaard,,dribble,f,sancho,47.6,61.7,39.2,63.3,,
50,0,50,1,2,odegaard,saka,pass,s,sancho,39.2,63.3,42.1,66.7,,
50,1,50,2,2,saka,,dribble,b,,42.1,66.7,45.1,64.9,,
50,2,50,3,2,saka,elneny,pass,b,,45.1,64.9,48.4,57.3,,
50,3,50,7,2,elneny,,dribble,s,fernandes,48.4,57.3,41.2,39.9,,
50,7,50,8,2,elneny,smith_rowe,pass,f,elanga,41.2,39.9,32.4,24.2,,
50,8,50,10,2,smith_rowe,,dribble,f,elanga,32.4,24.2,29.1,25.2,,
50,10,,,2,dalot,,won,tackled,,28,25.5,,,,
50,10,,,2,nketiah,,won,loose.ball,,27,30.6,,,,
50,10,50,13,2,nketiah,tavares,pass,f,,27,30.6,13.1,17.5,,
50,13,50,14,2,tavares,,dribble,s,dalot,13.1,17.5,13.8,24,,
50,14,50,15,2,tavares,,shot,offtarget.out,lindelof,13.8,24,0.5,40.3,,
50,30,,,2,de_gea,,set,goalkick,,5.6,41.4,,,,
50,30,50,33,2,de_gea,varane,pass,f,,5.6,41.4,8.3,46.5,,
50,33,50,36,2,varane,,dribble,s,,8.3,46.5,14.4,46.4,,
50,36,50,38,2,varane,lindelof,pass,s,,14.4,46.4,12.1,17.3,,
50,38,50,42,2,lindelof,de_gea,pass,s,,12.1,17.3,4.5,33.1,,
50,42,50,44,2,de_gea,varane,pass,f,saka,4.5,33.1,11.4,53.5,,
50,44,50,47,2,varane,,dribble,f,,11.4,53.5,15.5,61.5,,
50,47,,,2,varane,telles,pass,f,,15.5,61.5,25.6,67.9,,
50,48,50,49,2,telles,ronaldo,pass,f,saka,25.6,67.9,35.6,66.9,,
51,0,,,2,cedric,,set,throwin,,30.4,67.9,,,,
51,0,51,2,2,cedric,elneny,pass,b.a,,30.4,67.9,33.7,62.4,,
51,2,51,4,2,elneny,,dribble,s,matic,33.7,62.4,35.8,58.4,,
51,4,51,6,2,elneny,xhaka,pass,s,mctominay,35.8,58.4,37.6,36.7,,
51,28,,,2,elneny,,set,freekick,,41.2,27,,,,
51,28,51,30,2,elneny,xhaka,pass,f,,41.2,27,35.8,16.2,,
51,30,51,32,2,xhaka,,dribble,f,fernandes,35.8,16.2,28.4,16.3,,
51,33,,,2,telles,,clearance,intercepted.cross,,8.9,40.7,,,,
51,35,,,2,saka,,won,loose.ball,,25.8,49.6,,,,
51,35,51,38,2,saka,,dribble,b.a,matic,25.8,49.6,26.8,37,,
51,38,51,39,2,saka,,shot,offtarget.out,matic,26.8,37,-1.8,38.7,,
51,52,,,2,de_gea,,set,goalkick,,4.9,36.7,,,,
51,52,51,53,2,de_gea,varane,pass,f,,4.9,36.7,9.2,48.6,,
51,53,51,56,2,varane,telles,pass,f,,9.2,48.6,20.7,64,,
51,56,51,58,2,telles,,dribble,f,saka,20.7,64,26.2,63.9,,
51,58,51,59,2,telles,fernandes,pass,f,saka,26.2,63.9,47.4,62.1,,
51,59,52,2,2,fernandes,,dribble,b,elneny,47.4,62.1,44.1,64.4,,
52,2,52,4,2,fernandes,varane,pass,b,,44.1,64.4,27.2,61.5,,
52,5,52,7,2,varane,lindelof,pass,s,,27.2,61.5,22.6,24.3,,
52,7,52,10,2,lindelof,,dribble,f,nketiah,22.6,24.3,38.8,16.4,,
52,10,52,11,2,lindelof,elanga,pass,f,nketiah,38.8,16.4,59.9,1.9,,
52,12,52,13,2,elanga,dalot,pass,f,smith_rowe,59.9,1.9,54.2,7.4,,
52,14,52,,2,gabriel,,won,loose.ball,,68.7,10.5,,,,
52,15,52,16,2,gabriel,xhaka,pass,f,,68.7,10.5,62.8,13.8,,
52,20,52,21,2,xhaka,gabriel,pass,b,mctominay,62.8,13.8,71.5,9.3,,
52,23,52,27,2,gabriel,,dribble,f,mctominay,71.5,9.3,,,,
52,40,,42,2,xhaka,,set,freekick,,48.4,8.1,,,,
52,40,52,42,2,xhaka,elneny,pass,s,,48.4,8.1,50.9,13.8,,
52,42,52,43,2,elneny,xhaka,pass,s,,50.9,13.8,52.5,9,,
52,43,52,45,2,xhaka,white,pass,b,elanga,52.5,9,69.6,30,,
52,45,52,50,2,white,,dribble,f,,69.6,30,59.5,47.3,,
52,50,52,51,2,white,saka,pass,f,,59.5,47.3,44.5,66.9,,
52,51,52,56,2,saka,cedric,pass,b,telles,44.5,66.9,49,66.3,,
52,56,52,57,2,cedric,,dribble,b,,49,66.3,52.8,63.1,,
52,57,52,59,2,cedric,white,pass,b,,52.8,63.1,57.7,56.3,,
53,4,,,2,de_gea,,collect,loose.ball,,15,37.4,,,,
53,4,53,8,2,de_gea,,carry,s,,15,37.4,14.9,33.7,,
53,8,53,9,2,de_gea,lindelof,pass,s,,14.9,33.7,18.1,23.6,,
53,12,53,14,2,lindelof,de_gea,pass,b,nketiah,18.1,23.6,7,34.7,,
53,17,53,18,2,de_gea,varane,pass,f,,7,34.7,12.8,51.9,,
53,19,53,20,2,varane,telles,pass,f,odegaard,12.8,51.9,25.3,65.1,,
53,21,53,22,2,telles,fernandes,pass,f,saka,25.3,65.1,34.1,65.7,,
53,22,53,24,2,fernandes,sancho,pass,f,cedric,34.1,65.7,46.3,65.5,,
53,40,,,2,telles,,set,throwin,,38.9,66.9,,,,
53,44,53,46,2,matic,ronaldo,pass,f,odegaard,40.4,62.5,55.1,66,,
53,46,53,48,2,ronaldo,sancho,pass,f,odegaard,55.1,66,67.1,66.4,,
53,48,53,53,2,sancho,,dribble,f,white,67.1,66.4,83.8,60.2,,
53,54,,,2,matic,,won,loose.ball,,78.5,56.7,,,,
53,54,53,56,2,matic,,dribble,f,white,78.5,56.7,85.9,52,,
53,56,,,2,elneny,,won,minor.touch.ground,,90.9,50.8,,,,
53,57,,,2,elanga,,won,loose.ball,,91.7,48,,,,
53,57,53,58,2,elanga,matic,pass,b.a,matic,91.7,48,87.2,47.2,,
53,58,53,1,2,matic,sancho,pass,f,elneny,87.2,47.2,100.7,57.2,,
53,1,,,2,sancho,,won,force.clearance,saka,100.7,57.2,,,,
53,1,,,2,saka,,clearance,out,,100.8,57,105,57,,
54,20,,,2,fernandes,,set,cornerkick,,106,68,,,,
54,22,54,22,2,fernandes,matic,pass,cross,,106,68,99.6,28.5,,
56,58,57,2,2,ramsdale,,set,goalkick,,102,35,,,,
57,8,57,11,2,sancho,,dribble,f,cedric,57.8,50.5,63.2,65.7,,
57,11,57,12,2,sancho,fernandes,pass,s,elneny,63.2,65.7,64.5,61.2,,
57,12,57,13,2,fernandes,,dribble,f,,64.5,61.2,64.5,60,,
57,13,,,2,white,,won,minor.touch.ground,,81.2,60.9,,,,
57,15,57,18,2,sancho,,won,loose.ball,cedric,95.4,66,,,,
57,18,,,2,cedric,sancho,won,challenge.ground.won,,93.5,64,,,,
57,19,,,2,odegaard,,won,loose.ball,,91.6,61.8,,,,
57,20,57,25,2,odegaard,,clearance,out,,94,60,,,,
57,44,,,2,telles,,set,throwin,,41.1,68,,,,
57,46,,,2,cedric,,won,intercepted.throwin.head,,55.7,67.8,,,,
57,47,,,2,matic,,won,loose.ball,odegaard,48.5,64.8,,,,
57,47,57,48,2,matic,mctominay,pass,header,odegaard,48.5,64.8,46.5,55.7,,
57,48,57,50,2,mctominay,,dribble,f,elneny,46.5,55.7,50.2,57.2,,
57,50,,,2,elneny,,won,intercepted.dribble,,50.3,57.2,,,,
57,52,,,2,telles,,won,loose.ball,,46.7,66.1,,,,
57,53,,,2,cedric,,won,loose.header,,55.2,65.1,,,,
57,55,,,2,mctominay,,won,loose.header,,49.8,61.4,,,,
57,56,,,2,elneny,,won,loose.header,,58.7,61.4,,,,
57,57,,,2,matic,fernandes,pass,f,saka,49.8,61.4,58.2,64.8,,
57,58,58,0,2,fernandes,,dribble,f,elneny,58.2,64.8,60.7,65,,
58,14,,,2,telles,,set,freekick,,63.5,63.8,,,,
58,15,58,17,2,telles,mctominay,pass,s,,63.5,63.8,58.7,42.8,,
58,18,58,20,2,mctominay,elanga,pass,through.ball,nketiah,58.7,42.8,81.1,25.2,,
58,21,58,22,2,elanga,,shot.attack,ontarget.parried.out,,81.1,25.2,,,,
58,22,58,23,2,ramsdale,,shot.defence,parried.out,,99.6,35.3,104.4,41.7,,
58,41,,,2,fernandes,,set,cornerkick,,105,68,,,,
58,43,,,2,white,,won,intercepted.cross,,100.3,38.8,,,,
58,44,,,2,telles,,won,loose.ball,,82.6,33.1,,,,
58,47,,,2,telles,,won,loose.ball,odegaard,81.3,34.3,,,,
58,47,58,48,2,telles,matic,pass,s,odegaard,81.3,34.3,76.9,42.3,,
58,50,,,2,xhaka,,won,minor.touch.aerial,,88,36,,,,
58,50,,,2,tavares,,clearance,header,,92.8,30.7,,,,
58,51,,,2,lindelof,,won,loose.ball,smith_rowe,85.1,28.3,,,,
58,52,,,2,lindelof,mctominay,pass,f,smith_rowe,85.1,28.3,89.8,21.8,,
58,52,58,56,2,mctominay,,dribble,f,nketiah,89.8,21.8,101.7,13.8,,
58,56,,,2,mctominay,,won,force.clearance,nketiah,101.7,13.8,,,,
58,56,58,58,2,nketiah,,clearance,out,,102,15.9,102,0,,
59,15,,,2,dalot,,set,throwin,,96,0.2,,,,
59,17,,,2,nketiah,,won,intercepted.throwin.head,,100.9,21.2,,,,
59,18,,,2,lindelof,,won,loose.ball,,85.1,18.4,,,,
59,18,59,19,2,lindelof,fernandes,pass,f,odegaard,85.1,18.4,89.4,22.6,,
59,19,59,20,2,fernandes,ronaldo,pass,f,elneny,89.4,22.6,96.9,30.6,,
59,20,59,21,2,ronaldo,,shot.attack,ontarget.goal.offside,,96.9,30.6,105.1,36.2,,
59,20,,,2,ramsdale,,shot.defence,ontarget.goal.offside,,102,34.7,,,,
60,58,59,3,2,ramsdale,,set,goalkick,,94,30.3,,,,
61,9,61,10,2,matic,lindelof,set,freekick,,36.4,54.7,26.2,45.1,,
61,10,61,14,2,lindelof,,dribble,s,,26.2,45.1,30,27.4,,
61,14,61,15,2,lindelof,dalot,pass,s,,30,27.4,29.1,4.1,,
61,16,61,17,2,dalot,mctominay,pass,f,smith_rowe,29.1,4.1,33.1,16.8,,
61,17,61,18,2,mctominay,ronaldo,pass,f,xhaka,33.1,16.8,46.9,11.3,,
61,18,,,2,gabriel,ronaldo,won,tackled,,48,10.9,,,,
61,20,,,2,smith_rowe,,won,loose.ball,,44.2,6.2,,,,
61,21,,,2,smith_rowe,nketiah,pass,f,,44.2,6.2,37.1,18.7,,
61,21,61,26,2,nketiah,,dribble,s,,37.1,18.7,37.5,36.5,,
61,26,61,28,2,nketiah,saka,pass,f,,37.5,36.5,33.7,60.9,,
61,29,,,2,saka,cedric,pass,f,,33.7,60.9,12.2,57.8,,
61,51,61,52,2,lindelof,dalot,pass,s,nketiah,8.7,20.6,12.5,6.6,,
61,53,61,56,2,dalot,de_gea,pass,b,smith_rowe,12.5,6.6,8.3,28,,
61,58,61,59,2,de_gea,varane,pass,f,,8.3,28,12.5,49.3,,
62,0,62,1,2,varane,telles,dribble,f,odegaard,12.5,49.3,19.3,53.4,,
62,1,62,2,2,varane,telles,pass,f,odegaard,19.3,53.4,35.3,66.7,,
62,2,62,3,2,telles,fernandes,pass,f,saka,35.3,66.7,40.6,63.8,,
62,3,62,6,2,fernandes,,dribble,b,saka,40.6,63.8,37.5,66.7,,
62,6,62,7,2,fernandes,matic,pass,s,saka,37.5,66.7,33.4,60.9,,
62,7,,,2,matic,telles,pass,f,,33.4,60.9,43.7,64.2,,
62,7,62,12,2,telles,,dribble,f,xhaka,43.7,64.2,66.3,56,,
62,12,62,14,2,telles,ronaldo,pass,s,xhaka,66.3,56,81,22.3,,
62,14,62,16,2,ronaldo,,dribble,f,smith_rowe,81,22.3,97.1,23.2,,
62,16,62,17,2,ronaldo,dalot,pass,f,smith_rowe,97.1,23.2,104,30.3,,
62,17,62,18,2,dalot,,shot.attack,woodwork.in,tavares,104,30.3,104,32.1,,
62,17,,,2,ramsdale,,shot.defence,,,103.4,32.1,,,,
62,21,,,2,smith_rowe,,won,loose.ball,dalot,93,10.9,,,,
62,22,,,2,dalot,,won,tackle,,90.7,6,,,,
62,22,62,23,2,dalot,,won,deflect.ball.out.off.opponent,,90.7,5.9,90.7,0,,
62,37,62,28,2,varane,telles,pass,s,,56.7,40.7,60.7,50,,
62,41,62,42,2,telles,varane,pass,s,saka,60.7,50,56.8,43.8,,
62,42,62,45,2,varane,lindelof,pass,s,nketiah,56.8,43.8,47.6,24.1,,
62,45,62,46,2,lindelof,mctominay,pass,f,xhaka,47.6,24.1,53.1,18.2,,
63,18,63,20,2,ronaldo,matic,pass,s,odegaard,66.8,34.4,66.8,29.6,,
63,20,63,22,2,matic,,dribble,f,nketiah,66.8,29.6,70.9,29,,
63,22,63,23,2,matic,dalot,pass,s,nketiah,70.9,29,76,7.6,,
63,24,63,25,2,dalot,elanga,pass,f,martinelli,76,7.6,79.7,3.3,,
63,25,63,26,2,elanga,dalot,pass,b.a,martinelli,79.7,3.3,74.3,6,,
63,26,63,27,2,dalot,matic,pass,s,martinelli,74.3,6,73.7,15.7,,
64,9,,,2,ramsdale,,set,goalkick,,99,36.4,,,,
64,28,,,2,telles,,set,throwin,,38.9,67.4,,,,
64,29,,,2,xhaka,,won,intercepted.throwin,,47.2,61.2,,,,
64,29,,,2,xhaka,odegaard,pass,f,,47.2,61.2,44.3,61.4,,
64,30,,,2,odegaard,martinelli,pass,s,,44.3,61.4,43.1,53.8,,
64,31,64,35,2,martinelli,,dribble,b,fernandes,43.1,53.8,49.8,45.4,,
64,35,64,36,2,martinelli,saka,pass,f,fernandes,49.8,45.4,39.2,65.6,,
64,39,64,41,2,saka,white,pass,b,,39.2,65.6,55.8,52.6,,
64,43,64,44,2,white,,dribble,s,,55.8,52.6,55.4,43.9,,
64,44,64,47,2,white,tavares,pass,f,mctominay,55.4,43.9,40.9,9.3,,
64,47,,,2,dalot,tavares,won,challenge.ground.won,,41.1,9.7,,,,
64,48,64,50,2,dalot,,dribble,f,tavares,41.1,9.7,54.4,15.1,,
64,50,64,50,2,dalot,mctominay,pass,s,tavares,54.4,15.1,59,27.3,,
64,50,64,54,2,mctominay,,dribble,f,,59,27.3,75,36.1,,
64,54,64,55,2,mctominay,fernandes,pass,s,white,75,36.1,71,48.2,,
64,55,64,59,2,fernandes,,dribble,f,elneny,71,48.2,95.2,57.5,,
64,59,65,3,2,fernandes,,pass,cross.unmet.in,,95.2,57.5,95.3,11.6,,
65,3,65,4,2,elanga,dalot,pass,b.a,xhaka,95.3,11.6,83.6,10.9,,
65,6,65,7,2,dalot,mctominay,pass,s,martinelli,83.6,10.9,85.7,26.4,,
65,7,65,8,2,mctominay,,dribble,f,nketiah,85.7,26.4,87.3,31.4,,
65,9,,,2,cedric,,won,intercepted.p,,92.9,36.6,,,,
66,9,,,2,ramsdale,,set,freekick,,89,34,,,,
66,13,,,2,matic,,won,aerial.won,,39.4,58.1,,,,
66,43,66,46,2,mctominay,,dribble,f,odegaard,57.2,60,63.1,60.3,,
67,10,,,2,cedric,,set,throwin,,63.1,68.2,,,,
67,12,67,15,2,odegaard,,dribble,b,matic,56.9,66.6,60.4,66.6,,
67,17,,,2,telles,,won,loose.ball,,56.7,66.7,,,,
67,18,,,2,xhaka,,won,intercepted.p,,66.1,48.6,,,,
67,18,67,20,2,xhaka,martinelli,pass,f,elanga,66.1,48.6,56.8,38.6,,
67,21,67,22,2,martinelli,tavares,pass,b.a,,56.8,38.6,60.2,21.2,,
67,22,67,24,2,tavares,,dribble,f,elanga,60.2,21.2,53.6,14.3,,
67,24,,,2,elanga,,won,intercepted.dribble,,51.9,14.8,,,,
67,52,,,2,dalot,,set,freekick,,51.1,9.3,,,,
67,52,67,53,2,dalot,mctominay,set,freekick,,51.1,9.3,45.8,10.2,,
67,53,67,55,2,dalot,ronaldo,pass,f,xhaka,45.8,10.2,67.8,14,,
67,55,67,56,2,ronaldo,elanga,pass,s,gabriel,67.8,14,72,7.5,,
67,57,,,2,elanga,ronaldo,pass,s,martinelli,72,7.5,68.4,15.1,,
67,58,67,59,2,ronaldo,,dribble,s,gabriel,68.4,15.1,66.8,18.9,,
68,2,,,2,ramsdale,,won,loose.ball,,93.6,33.7,,,,
68,16,68,17,2,ramsdale,white,pass,s,,92.9,39.1,92.9,52,,
68,17,68,18,2,white,ramsdale,pass,s,fernandes,92.9,52,96.3,35.3,,
68,19,68,20,2,ramsdale,white,pass,s,fernandes,96.3,35.3,95.6,50.9,,
68,21,68,22,2,white,elneny,pass,s,fernandes,95.6,50.9,84.2,50.3,,
68,22,68,23,2,elneny,cedric,pass,s,fernandes,84.2,50.3,79.8,65.2,,
68,23,68,25,2,cedric,,dribble,f,fernandes,79.8,65.2,69.5,65.2,,
68,25,68,26,2,cedric,odegaard,pass,f,fernandes,69.5,65.2,60.2,65.1,,
68,28,68,28,2,mctominay,,won,duel.won,,64.7,53.8,,,,
68,28,68,29,2,mctominay,lindelof,pass,b.a,elneny,64.7,53.8,62.1,48.5,,
68,29,68,31,2,lindelof,,dribble,f,nketiah,62.1,48.5,68.6,45.4,,
68,31,68,32,2,lindelof,ronaldo,pass,f,martinelli,68.6,45.4,74.2,36.6,,
68,32,68,34,2,ronaldo,dalot,pass,s,xhaka,74.2,36.6,79,12.5,,
68,40,,,2,dalot,,dribble,s,xhaka,79,12.5,79.3,16.6,,
68,41,68,42,2,dalot,lindelof,pass,b.a,xhaka,79.3,16.6,68,14.7,,
68,43,68,44,2,lindelof,matic,pass,s,nketiah,68,14.7,58.3,38.4,,
68,44,68,45,2,lindelof,,dribble,f,odegaard,58.3,38.4,61.4,44,,
68,45,68,46,2,matic,telles,pass,f,odegaard,61.4,44,75.6,64.6,,
68,49,68,50,2,telles,matic,pass,b,,75.6,64.6,63.2,55,,
68,51,68,52,2,matic,varane,pass,b,,63.2,55,54.7,41.1,,
68,52,68,54,2,varane,lindelof,pass,s,,54.7,41.1,58.2,22.8,,
68,54,68,57,2,lindelof,,dribble,f,,58.2,22.8,77.3,12.1,,
68,57,68,58,2,lindelof,elanga,pass,f,martinelli,77.3,12.1,81.2,1.4,,
68,59,69,1,2,elanga,,dribble,s,nketiah,81.2,1.4,79.9,11.2,,
69,1,69,2,2,elanga,mctominay,pass,b.a,nketiah,79.9,11.2,67.1,17.2,,
69,3,69,6,2,mctominay,telles,pass,f,,67.1,17.2,83.8,55.4,,
69,8,,,2,gabriel,,clearance,header,,93.3,36.6,,,,
69,10,,,2,odegaard,,won,loose.ball,,78.8,40.1,,,,
69,11,69,12,2,odegaard,tavares,pass,s,ronaldo,78.8,40.1,82.1,25.8,,
69,12,69,18,2,tavares,,dribble,f,,82.1,25.8,36.5,9.9,,
69,18,69,20,2,tavares,nketiah,pass,s,,36.5,9.9,36.7,2.9,,
69,21,69,22,2,nketiah,xhaka,pass,b,elanga,36.7,2.9,45.7,10.7,,
69,24,69,26,2,xhaka,odegaard,pass,f,,45.7,10.7,32,51.3,,
69,26,69,28,2,odegaard,,dribble,f,,32,51.3,28.8,54.8,,
69,28,69,29,2,odegaard,saka,pass,f,sancho,28.8,54.8,16.2,59.7,,
69,29,69,31,2,saka,,dribble,f,sancho,16.2,59.7,10.3,52.1,,
69,32,,,2,varane,,clearance,loose.ball,martinelli,8,40.2,,,,
69,35,,,2,elneny,,won,loose.ball,ronaldo,38.5,50.6,,,,
69,35,69,36,2,elneny,cedric,pass,f,ronaldo,38.5,50.6,30.9,63.6,,
69,38,69,39,2,cedric,elneny,pass,b,,30.9,63.6,38,52.3,,
69,40,69,41,2,elneny,xhaka,pass,s,fernandes,38,52.3,39.7,40.4,,
69,42,69,43,2,xhaka,odegaard,pass,f,fernandes,39.7,40.4,35.4,53.5,,
69,43,69,45,2,odegaard,,dribble,f,,35.4,53.5,31.5,51.4,,
69,45,,,2,odegaard,saka,pass,f,,31.5,51.4,13.1,50.5,,
69,45,69,47,2,saka,,dribble,f,telles,13.1,50.5,11.3,48.5,,
69,47,,,2,telles,,won,blocked.pass,,10.5,47.3,,,,
69,48,,,2,varane,,clearance,,,10.9,46.8,,,,
69,50,,,2,fernandes,,won,loose.ball,,26.5,41.5,,,,
69,51,,,2,elneny,,won,loose.ball,,28.9,41.5,,,,
69,51,,,2,elneny,xhaka,pass,s,,28.9,41.5,29.2,37.6,,
69,52,69,53,2,xhaka,,shot,ontarget.goal,,29.2,37.6,0,36.4,,
69,53,,,2,de_gea,,shot.defence,ontarget.goal,,2.5,35.9,,,,
71,31,71,33,2,dalot,,dribble,s,martinelli,35.4,12.4,34.4,17.2,,
71,33,71,34,2,dalot,lindelof,pass,b,martinelli,34.4,17.2,24.1,20.4,,
71,35,71,37,2,lindelof,,dribble,s,nketiah,24.1,20.4,19.8,27.6,,
71,37,71,40,2,lindelof,varane,pass,s,nketiah,19.8,27.6,24,58,,
71,43,,,2,cedric,,won,intercepted.p,,57.7,64,,,,
71,44,,,2,telles,,won,intercepted.p,saka,48.3,63.9,,,,
71,47,,,2,white,,won,loose.ball,,66,60.2,,,,
71,47,71,49,2,white,gabriel,pass,b,fernandes,66,60.2,78.9,45.1,,
71,51,71,54,2,gabriel,tavares,pass,s,,78.9,45.1,80.4,3.8,,
73,33,,,2,dalot,,set,throwin,,45.5,0.7,,,,
73,33,73,35,2,dalot,lindelof,pass,b,,45.5,0.7,25.8,5.6,,
73,35,73,39,2,lindelof,,dribble,s,,25.8,5.6,32.1,12.4,,
73,39,73,41,2,lindelof,varane,pass,s,,32.1,12.4,35,50,,
73,41,73,43,2,varane,telles,pass,s,,35,50,42.7,62.5,,
73,45,73,46,2,telles,varane,pass,b,,42.7,62.5,28.8,56.9,,
73,47,73,48,2,varane,lindelof,pass,b,nketiah,28.8,56.9,23.1,32.5,,
73,49,73,54,2,lindelof,,dribble,f,,23.1,32.5,29.2,28.9,,
73,54,73,55,2,lindelof,varane,pass,s,,29.2,28.9,34,49,,
73,55,73,58,2,varane,,dribble,f,,34,49,42.5,51.1,,
73,59,74,1,2,varane,lindelof,pass,s,,42.5,51.1,38.4,20.1,,
74,1,74,4,2,lindelof,,dribble,f,,38.4,20.1,57.3,14.3,,
74,4,74,5,2,lindelof,elanga,pass,f,xhaka,57.3,14.3,73.5,17,,
74,5,74,7,2,elanga,fernandes,pass,b.a,xhaka,73.5,17,70.1,20.6,,
74,21,,,2,fernandes,,set,freekick,,67.2,15.1,,,,
74,21,74,23,2,fernandes,dalot,pass,f,,67.2,15.1,76.1,4.9,,
74,23,74,26,2,dalot,,dribble,f,martinelli,76.1,4.9,96.4,9.3,,
74,27,,,2,elneny,,clearance,header,,96.1,30.3,,,,
74,29,,,2,nketiah,,won,loose.ball,,80.1,22.7,,,,
75,14,,,2,ramsdale,,set,goalkick,,83.7,23.6,,,,
75,18,,,2,dalot,,won,intercepted.longball,martinelli,16.1,6.6,,,,
75,19,,,2,xhaka,,won,loose.ball,mctominay,24.8,5.2,,,,
75,19,75,21,2,xhaka,martinelli,pass,b,dalot,24.8,5.2,18,2,,
75,21,75,22,2,martinelli,elneny,pass,b.a,dalot,18,2,28.1,11.1,,
75,22,,,2,elneny,xhaka,pass,s,fernandes,28.1,11.1,29.5,7.5,,
75,22,75,23,2,xhaka,elneny,pass,f,mctominay,29.5,7.5,27.8,14.5,,
75,23,75,25,2,elneny,,dribble,f,matic,27.8,14.5,21.5,12.7,,
75,26,,,2,elneny,nketiah,pass,s,mctominay,21.5,12.7,21.3,8.1,,
75,26,75,29,2,nketiah,,dribble,s,mctominay,21.3,8.1,21.5,2.9,,
75,31,75,33,2,nketiah,,dribble,f,mctominay,21.5,2.9,9,7.4,,
75,33,,,2,dalot,nketiah,won,tackle,,8.8,8.3,,,,
75,33,75,35,2,dalot,,dribble,b,nketiah,8.8,8.3,5,4.7,,
75,35,75,37,2,dalot,,clearance,,nketiah,5,4.7,,,,
75,37,,,2,gabriel,,won,loose.ball,,38.9,4.8,,,,
75,37,75,40,2,gabriel,,dribble,b,,38.9,4.8,49.8,8.7,,
75,41,75,42,2,gabriel,tavares,pass,b,fernandes,49.8,8.7,43.7,12.3,,
75,42,75,46,2,tavares,,dribble,s,elanga,43.7,12.3,49.7,20.5,,
77,0,,,2,gabriel,,set,freekick,,48.3,20.7,,,,
77,0,77,0,2,gabriel,elneny,pass,f,,48.3,20.7,46.5,24.2,,
77,0,77,2,2,elneny,gabriel,pass,b,lingard,46.5,24.2,52.3,18.1,,
77,3,,,2,sancho,,won,intercepted.p,,37.9,1,,,,
77,5,,,2,gabriel,,won,intercepted.p,lingard,52.3,6.2,,,,
77,6,,,2,dalot,,won,intercepted.p,martinelli,27.3,11.3,,,,
77,6,77,7,2,dalot,mctominay,pass,f,martinelli,27.3,11.3,34.6,14.1,,
77,7,77,8,2,mctominay,,dribble,f,martinelli,34.6,14.1,40,18.4,,
77,8,77,9,2,mctominay,fernandes,pass,f,martinelli,40,18.4,56,29.6,,
77,10,,,2,white,,won,loose.ball,fernandes,65.3,34.3,,,,
77,10,77,11,2,white,odegaard,pass,f,fernandes,65.3,34.3,55.6,37,,
77,12,77,13,2,odegaard,martinelli,pass,f,fernandes,55.6,37,45.9,33.8,,
77,13,77,17,2,martinelli,,dribble,f,mctominay,45.9,33.8,35.1,45.7,,
77,17,77,18,2,martinelli,odegaard,pass,s,,35.1,45.7,39.5,52,,
77,18,77,19,2,odegaard,,dribble,f,mctominay,39.5,52,33.4,54.8,,
77,19,77,22,2,odegaard,cedric,pass,f,mctominay,33.4,54.8,20,61.9,,
77,22,77,23,2,cedric,odegaard,pass,b.a,telles,20,61.9,30.7,57.8,,
77,24,77,25,2,odegaard,elneny,pass,s,rashford,30.7,57.8,28.2,52.9,,
77,25,77,27,2,elneny,odegaard,pass,s,fernandes,28.2,52.9,35.7,53.1,,
77,27,77,28,2,odegaard,xhaka,pass,s,fernandes,35.7,53.1,35.7,47.6,,
77,28,77,31,2,xhaka,cedric,pass,f,lingard,35.7,47.6,14.2,66.3,,
77,33,77,34,2,cedric,elneny,pass,b,telles,14.2,66.3,23.7,65.4,,
77,34,77,35,2,elneny,odegaard,pass,s,mctominay,23.7,65.4,23.4,61.5,,
77,35,77,36,2,odegaard,elneny,pass,s,mctominay,23.4,61.5,27,65.5,,
77,37,77,38,2,elneny,white,pass,s,mctominay,27,65.5,25.5,56.2,,
77,38,77,39,2,white,nketiah,pass,f,fernandes,25.5,56.2,13.3,48.7,,
77,39,77,42,2,nketiah,,dribble,f,varane,13.3,48.7,7.3,53.1,,
77,42,77,43,2,nketiah,cedric,pass,s,varane,7.3,53.1,12.8,62.7,,
77,43,77,44,2,cedric,odegaard,pass,s,varane,12.8,62.7,12.4,56.5,,
77,44,77,47,2,odegaard,,dribble,s,varane,12.4,56.5,12.7,65.4,,
77,48,77,49,2,odegaard,elneny,pass,b.a,rashford,12.7,65.4,19.4,60.8,,
77,49,77,51,2,elneny,cedric,pass,s,fernandes,19.4,60.8,21.4,65.8,,
77,51,77,52,2,cedric,odegaard,pass,f,rashford,21.4,65.8,18.4,66.7,,
77,52,77,56,2,odegaard,,dribble,f,fernandes,18.4,66.7,18,66.7,,
77,56,,,2,fernandes,,won,tackled,,19,66.3,,,,
77,57,,,2,elneny,,clearance,out,ronaldo,24,66.7,24,68,,
78,29,,,2,ronaldo,,set,throwin,,46.8,68.1,,,,
78,31,,,2,white,,won,intercepted.throwin,,65.1,66.3,,,,
78,31,,,2,white,elneny,pass,f,elanga,65.1,66.3,55.5,65.2,,
78,34,,,2,fernandes,,won,loose.ball,,49.7,65.1,,,,
78,34,78,35,2,fernandes,lingard,pass,b,elneny,49.7,65.1,46.4,65.1,,
79,23,79,27,2,lindelof,,dribble,f,nketiah,43.7,27.1,58.1,22.5,,
79,32,,,2,ramsdale,,won,loose.ball,,101.6,24.9,28.9,,,
79,35,79,54,2,ramsdale,,carry,,lingard,101.6,24.9,28.9,,,
80,1,,,2,tavares,sancho,won,shielded.so.out,,32.8,3.5,,,,
80,15,,,2,tavares,,set,throwin,,27.1,0.5,,,,
80,15,80,16,2,tavares,nketiah,pass,f,,27.1,0.5,22.8,11.3,,
80,17,,,2,sancho,,won,intercepted.p,nketiah,21.4,6.8,,,,
80,17,80,20,2,sancho,,dribble,b,nketiah,21.4,6.8,5.7,5.9,,
80,21,80,22,2,sancho,dalot,pass,f.d,nketiah,5.7,5.9,12,4,,
80,22,80,23,2,dalot,lindelof,pass,b,,12,4,7.6,12,,
80,23,80,27,2,lindelof,,dribble,f,,7.6,12,19.5,24.9,,
80,27,80,28,2,lindelof,fernandes,pass,f,,19.5,24.9,24.3,23.8,,
80,29,80,31,2,fernandes,,dribble,s,elneny,24.3,23.8,23.4,16.8,,
80,31,80,33,2,fernandes,ronaldo,pass,f,elneny,23.4,16.8,47.6,11.1,,
80,33,80,34,2,gabriel,,won,intercepted.p,sancho,52.3,14.5,,,,
80,37,,,2,dalot,,won,aerial.won,,29,7.7,,,,
80,37,,,2,dalot,ronaldo,pass,f,,29,7.7,47.2,9.2,47.3,9.2
80,38,80,29,2,ronaldo,mctominay,pass,f,tavares,47.2,9.2,36.9,15.7,,
80,39,80,40,2,mctominay,,dribble,s,xhaka,36.9,15.7,34.8,19.6,,
80,40,80,42,2,mctominay,varane,pass,s,,34.8,19.6,32.3,41.5,,
80,42,80,43,2,varane,,dribble,f,,32.3,41.5,38.4,43.8,,
80,43,80,45,2,varane,telles,pass,f,,38.4,43.8,50.9,62.7,,
80,45,80,46,2,telles,lingard,pass,s,odegaard,50.9,62.7,54.1,58.8,,
80,48,,,2,lingard,mctominay,pass,s,,54.1,58.8,52.3,48.1,,
80,49,80,50,2,mctominay,,dribble,f,,52.3,48.1,55.4,45,,
80,52,81,12,2,ramsdale,,collect,,,97.3,40.1,,,,
81,15,,,2,ramsdale,,pass,f,,91.9,29.5,,,,
81,19,,,2,varane,,won,intcepted.longball,,33.4,27,,,,
81,29,,,2,tavares,,set,throwin,,52.2,0.1,,,,
81,29,81,31,2,tavares,gabriel,pass,,,52.2,0.1,66.9,3.5,,
81,31,81,33,2,gabriel,,dribble,s,sancho,66.9,3.5,67.9,10.6,,
81,34,81,36,2,gabriel,tavares,pass,f,sancho,67.9,10.6,58.8,2.5,,
81,36,81,37,2,tavares,,dribble,f,fernandes,58.8,2.5,55.3,2.9,,
81,37,81,38,2,tavares,nketiah,pass,f,fernandes,55.3,2.9,48.1,9.6,,
82,13,,,2,gabriel,,set,freekick,lindelof,50,13.3,,,,
82,13,82,14,2,gabriel,nketiah,set,freekick,lindelof,50,13.3,24.3,20.2,,
82,16,82,17,2,nketiah,odegaard,pass,s,lindelof,24.3,20.2,24.3,40.6,,
82,18,82,19,2,odegaard,tavares,pass,f,varane,24.3,40.6,14,35.1,,
82,19,82,21,2,tavares,,dribble,b.a,lindelof,14,35.1,16.1,38.2,,
82,23,,,2,rashford,,won,intercepted.p,odegaard,27.5,53.8,,,,
82,23,82,25,2,rashford,,dribble,b,odegaard,27.5,53.8,21.9,57.8,,
82,25,82,26,2,rashford,varane,pass,s,odegaard,21.9,57.8,13.4,49.9,,
82,28,82,29,2,varane,de_gea,pass,b,odegaard,13.4,49.9,3.4,33.4,,
82,29,82,31,2,de_gea,,dribble,s,odegaard,3.1,33.4,3,28.6,,
82,31,,,2,de_gea,,clearance,,odegaard,3,28.6,,,,
82,35,,,2,xhaka,,won,loose.ball,,48.5,7.5,,,,
82,35,82,36,2,xhaka,,dribble,b,,48.5,7.5,59.9,13.8,,
82,37,82,39,2,xhaka,white,pass,s,,59.9,13.8,63.7,41,,
82,41,,,2,white,cedric,pass,s,lingard,63.7,41,65,57.2,,
82,41,82,44,2,cedric,,dribble,b,lingard,65,57.2,72.7,55,,
82,44,82,45,2,cedric,holding,pass,b,lingard,72.7,55,83,48.5,,
82,45,82,47,2,holding,gabriel,pass,s,lingard,83,48.5,84.7,20,,
82,47,82,49,2,gabriel,,dribble,s,lingard,84.7,20,84.3,12,,
83,21,83,22,2,varane,mata,pass,f,,38.4,39.4,41.7,45.9,,
83,23,83,28,2,mata,,dribble,f,,41.7,45.9,55,51.6,,
83,28,83,30,2,mata,lindelof,pass,b,,55,51.6,43.4,27.3,,
83,31,83,32,2,lindelof,,dribble,f,,43.4,27.3,47.9,27.4,,
83,32,83,33,2,lindelof,dalot,pass,f,,47.9,27.4,54.3,9.6,,
83,35,,,2,dalot,sancho,pass,f,,54.3,9.6,65.9,3.3,,
83,37,83,38,2,sancho,dalot,pass,s,tavares,65.9,3.3,59.9,12.7,,
83,38,83,39,2,dalot,,dribble,s,martinelli,59.9,12.7,59.9,17.7,,
83,39,83,40,2,dalot,mctominay,pass,s,martinelli,59.9,17.7,57.3,39.7,,
83,40,83,44,2,mctominay,,dribble,f,odegaard,57.3,39.7,61.4,41,,
83,48,,,2,ramsdale,,collect,,,101.9,41.4,,,,
84,14,,,2,mctominay,,won,aerial.won,,44.4,16.8,,,,
84,16,,,2,elneny,,won,loose.header,,45.6,26,,,,
84,17,,,2,mctominay,,won,loose.header,,44.6,20.3,,,,
84,18,,,2,elneny,,won,loose.header,lingard,47.1,26,,,,
84,20,84,21,2,elneny,odegaard,pass,s,lingard,47.1,26,46.5,43.7,,
84,22,84,23,2,odegaard,cedric,pass,s,matic,46.5,43.7,43,60.3,,
84,26,84,26,2,cedric,odegaard,pass,s,telles,43,60.3,43.7,55.3,,
84,27,84,28,2,odegaard,cedric,pass,s,matic,43.7,55.3,40.8,62.2,,
84,28,84,29,2,cedric,elneny,pass,f,matic,40.8,62.2,34.5,57.9,,
84,29,84,31,2,elneny,,dribble,s,varane,34.5,57.9,37.4,60.3,,
84,31,,,2,elneny,cedric,pass,b.a,varane,37.4,60.3,46.1,64.9,,
84,32,84,32,2,cedric,elneny,pass,f,varane,46.1,64.9,41.6,67,,
84,33,84,34,2,elneny,odegaard,pass,s,telles,41.6,67,41.3,62.4,,
84,34,84,35,2,odegaard,cedric,pass,b.a,varane,41.3,62.4,46.2,66,,
84,37,,,2,de_gea,,collect,,,5.2,56.2,,,,
84,37,84,43,2,de_gea,,dribble,s,,5.2,56.2,5.2,48.6,,
84,43,84,44,2,de_gea,lindelof,pass,f,,5.2,48.6,12.4,30,,
84,44,84,48,2,lindelof,,dribble,f,,12.4,30,26.6,29.2,,
84,48,84,49,2,lindelof,mctominay,pass,s,,26.6,29.2,31.6,38.6,,
84,49,84,52,2,mctominay,,dribble,f,nketiah,31.6,38.6,40.2,47.9,,
84,52,84,53,2,mctominay,ronaldo,pass,f,,40.2,47.9,48.2,65.7,,
84,53,84,57,2,ronaldo,,dribble,f,odegaard,48.2,65.7,77.5,65.7,,
84,57,84,59,2,ronaldo,telles,pass,f,odegaard,77.5,65.7,89.4,66.1,,
84,59,85,2,2,telles,,dribble,f,cedric,89.4,66.1,98.2,66.3,,
85,2,,,2,telles,ronaldo,pass,b,odegaard,98.2,66.3,94,66.1,,
85,3,85,5,2,ronaldo,,dribble,f,elneny,94,66.1,100.4,60.3,,
85,6,85,10,2,holding,,clearance,out,,93.2,53.2,76.4,68,,
85,16,,,2,telles,,set,throwin,,78.2,67.6,,,,
85,16,85,17,2,telles,mata,pass,b.a,,78.2,67.6,72.2,66.3,,
85,19,85,21,2,mata,,dribble,s,nketiah,72.2,66.3,72.6,61.5,,
85,21,85,22,2,mata,mctominay,pass,b.a,nketiah,72.6,61.5,64.5,58.9,,
85,22,85,26,2,mctominay,,dribble,f,nketiah,64.5,58.9,68.4,58.4,,
85,26,85,28,2,mctominay,lindelof,pass,b.a,nketiah,68.4,58.4,62.5,42.8,,
85,29,,,2,lindelof,mata,pass,s,,62.5,42.8,60.6,47.9,,
85,31,85,33,2,mata,,dribble,f,,60.6,47.9,66.3,52,,
85,33,85,33,2,mata,rashford,pass,f,,66.3,52,69.8,58.2,,
85,33,85,35,2,rashford,varane,pass,b,,69.8,58.2,58.9,51.3,,
85,35,85,36,2,varane,,dribble,s,,58.9,51.3,59.6,46.5,,
85,36,85,37,2,varane,lingard,pass,s,,59.6,46.5,62.9,21,,
85,37,85,39,2,lingard,,dribble,f,,62.9,21,68.5,20.3,,
85,39,85,40,2,lingard,dalot,pass,f,,68.5,20.3,73.3,6.3,,
85,42,85,43,2,dalot,lingard,pass,b.a,tavares,73.3,6.3,65.1,17,,
85,44,,,2,lingard,varane,pass,s,,65.1,17,57,41.5,,
85,46,85,47,2,varane,telles,pass,f,,57,41.5,65.2,53.6,,
85,48,85,50,2,telles,,dribble,f,,65.2,53.6,69.4,54.4,,
85,50,85,51,2,telles,rashford,pass,,,69.4,54.4,77.4,53.8,,
85,51,85,52,2,rashford,,dribble,f,cedric,77.4,53.8,83.2,53,,
85,52,,,2,white,,won,intercepted.p,,83.3,51.6,,,,
85,53,,,2,lingard,,won,intercepted.p,elneny,79.8,51.2,,,,
85,53,85,56,2,lingard,,dribble,s,,79.8,51.2,79.5,60.8,,
85,56,85,57,2,lingard,telles,pass,b.a,,79.5,60.8,72.5,61.1,,
85,57,85,58,2,telles,mata,pass,b,odegaard,72.5,61.1,67.2,57.5,,
85,58,85,59,2,mata,telles,pass,f,odegaard,67.2,57.5,72.8,62.5,,
85,59,86,2,2,telles,,dribble,f,odegaard,72.8,62.5,79.1,63.6,,
86,4,,,2,holding,,clearance,header,,96.3,40,,,,
86,6,,,2,matic,,won,loose.header,,78.9,42.8,,,,
86,7,,,2,holding,,clearance,volley,lingard,90.3,36.9,,,,
86,10,,,2,varane,,won,loose.ball,,61.2,45.5,,,,
86,12,,,2,elneny,,won,loose.ball,,75.1,42.9,,,,
86,12,86,13,2,elneny,xhaka,pass,f,,75.1,42.9,73,37.7,,
86,14,86,16,2,xhaka,cedric,pass,s,lingard,73,37.7,76.4,51.4,,
86,17,,,2,cedric,odegaard,pass,f,rashford,76.4,51.4,68.9,51.1,,
86,18,86,19,2,odegaard,elneny,pass,b,rashford,68.9,51.1,75.9,45.1,,
86,19,86,21,2,elneny,,dribble,f,,75.9,45.1,73.7,39.6,,
86,21,86,23,2,elneny,gabriel,pass,s,lingard,73.7,39.6,76.6,25.5,,
86,23,86,25,2,gabriel,,dribble,f,,76.6,25.5,67.7,21.6,,
86,25,86,27,2,gabriel,tavares,pass,f,sancho,67.7,21.6,43.6,3.5,,
86,27,86,29,2,tavares,,dribble,f,sancho,43.6,3.5,33.1,3.2,,
86,30,86,31,2,tavares,gabriel,pass,b,sancho,33.1,3.2,49.8,11.2,,
86,31,86,34,2,gabriel,,dribble,f,,49.8,11.2,48.1,18.5,,
86,34,86,37,2,gabriel,cedric,pass,f,lingard,48.1,18.5,39.1,64,,
86,37,86,40,2,cedric,,dribble,f,,39.1,64,31.2,61.8,,
86,41,86,41,2,cedric,xhaka,pass,s,rashford,31.2,61.8,32,52.2,,
86,41,86,43,2,xhaka,,dribble,s,,32,52.2,30.9,55.6,,
86,43,86,44,2,xhaka,cedric,pass,f,fernandes,30.9,55.6,27,62.5,,
86,45,86,46,2,cedric,xhaka,pass,b.a,telles,27,62.5,36.4,63,,
86,46,86,47,2,xhaka,,dribble,b,rashford,36.4,63,38.4,63,,
86,47,86,48,2,xhaka,white,pass,b,rashford,38.4,63,45.6,59.5,,
86,49,86,50,2,white,elneny,pass,s,rashford,45.6,59.5,42.3,53.5,,
86,50,86,51,2,elneny,xhaka,pass,f,lingard,42.3,53.5,35.8,63.9,,
86,53,86,54,2,xhaka,odegaard,pass,s,mata,35.8,63.9,35.7,60,,
86,55,86,56,2,odegaard,xhaka,pass,s,rashford,35.7,60,37.8,65.1,,
86,56,86,57,2,xhaka,elneny,pass,s,mata,37.8,65.1,38.1,57.6,,
86,58,,,2,varane,,won,aerial.won,,25.8,57.7,,,,
86,59,87,1,2,cedric,,won,loose.ball,telles,22.8,65.2,,,,
87,1,,,2,varane,,clearance,header,nketiah,20.4,51.9,,,,
87,3,,,2,odegaard,,won,loose.ball,mctominay,28.3,52,,,,
87,3,87,4,2,odegaard,cedric,pass,s,mctominay,28.3,52,27.7,58.1,,
87,4,87,5,2,cedric,,dribble,,,27.7,58.1,32.1,58.2,,
87,5,87,7,2,cedric,xhaka,pass,b.a,,32.1,58.2,42.1,60.5,,
87,8,87,9,2,xhaka,white,pass,b,lingard,42.1,60.5,52.4,59.9,,
87,9,87,10,2,white,odegaard,pass,f,lingard,52.4,59.9,47.6,53.5,,
87,10,87,12,2,odegaard,,dribble,s,rashford,47.6,53.5,47.6,49.3,,
87,12,87,13,2,odegaard,martinelli,pass,s,rashford,47.6,49.3,39.1,34.7,,
87,13,,,2,sancho,,won,tackle,martinelli,38.4,33.4,,,,
87,14,87,14,2,sancho,lindelof,pass,b,martinelli,38.4,33.4,31.7,28.8,,
87,14,87,15,2,lindelof,dalot,pass,s,martinelli,31.7,28.8,25.8,23,,
87,15,87,17,2,dalot,sancho,pass,f,martinelli,25.8,23,35.8,19.9,,
87,17,87,19,2,sancho,,dribble,s,martinelli,35.8,19.9,34.5,9.1,,
87,19,87,21,2,sancho,lindelof,pass,b,martinelli,34.5,9.1,30.3,17.8,,
87,21,87,21,2,lindelof,mctominay,pass,f,martinelli,30.3,17.8,37.4,19.9,,
87,21,87,26,2,mctominay,,dribble,f,nketiah,37.4,19.9,56.5,32.8,,
87,26,87,28,2,mctominay,mata,pass,s,odegaard,56.5,32.8,51.2,47.6,,
87,28,87,29,2,mata,,dribble,f,,51.2,47.6,57.8,47.1,,
87,29,87,34,2,mata,sancho,pass,longball,,57.8,47.1,86.9,6.6,,
87,34,87,36,2,sancho,,dribble,s,martinelli,86.9,6.6,87.9,3.9,,
87,37,87,39,2,sancho,dalot,pass,s,martinelli,87.9,3.9,85.1,12.1,,
87,39,87,40,2,dalot,mata,pass,s,tavares,85.1,12.1,80.1,19.4,,
87,40,87,41,2,mata,,dribble,s,elneny,80.1,19.4,80.5,14.7,,
87,41,87,42,2,mata,sancho,pass,s,elneny,80.5,14.7,80,7.4,,
87,43,87,45,2,sancho,mata,pass,f,martinelli,80,7.4,92.6,6.9,,
87,45,87,48,2,mata,,dribble,b,tavares,92.6,6.9,81.5,7.4,,
87,48,87,49,2,mata,lindelof,pass,b,tavares,81.5,7.4,75.1,10.9,,
87,49,87,50,2,lindelof,mata,pass,s,nketiah,75.1,10.9,75.7,6.9,,
87,50,87,52,2,mata,varane,pass,b,,75.7,6.9,61.5,23.9,,
87,52,87,53,2,varane,mctominay,pass,f,,61.5,23.9,70.6,27.6,,
87,54,87,56,2,mctominay,telles,pass,s,,70.6,27.6,72.5,56,,
87,59,,,2,holding,,clearance,header,lingard,95.7,39.4,,,,
88,0,,,2,rashford,,won,intercept.ball,,80.4,47.2,,,,
88,1,88,3,2,rashford,telles,pass,s,odegaard,80.4,47.2,79.6,62.5,,
88,4,88,5,2,telles,rashford,pass,s,,79.6,62.5,77.8,56.1,,
88,5,88,8,2,rashford,,dribble,s,odegaard,77.8,56.1,75.8,42.5,,
88,8,88,9,2,rashford,lindelof,pass,b,xhaka,75.8,42.5,66.8,40.8,,
88,9,88,11,2,lindelof,,dribble,s,,66.8,40.8,66.9,35.9,,
88,11,88,12,2,lindelof,dalot,pass,s,nketiah,66.9,35.9,67.2,21.2,,
88,12,88,13,2,dalot,sancho,pass,f,martinelli,67.2,21.2,74.6,9.1,,
88,17,88,19,2,sancho,lingard,pass,f,tavares,74.6,9.1,95.5,11.4,,
88,20,88,21,2,lingard,sancho,pass,b,holding,95.5,11.4,93.3,5.3,,
88,24,88,25,2,sancho,lingard,pass,s,tavares,93.3,5.3,95.8,11.2,,
88,26,,,2,martinelli,,won,shielded.so.out,,103,6,,,,
89,19,,,2,ramsdale,,set,goalkick,,103,32,,,,
89,23,,,2,varane,,won,aerial.won,nketiah,31.7,28.1,,,,
89,26,,,2,gabriel,,won,loose.ball,,59.5,23.1,,,,
89,28,89,29,2,gabriel,holding,pass,b,,59.5,23.1,70.8,29.1,,
89,29,89,30,2,holding,,dribble,s,rashford,70.8,29.1,70.9,34.4,,
89,30,89,33,2,holding,cedric,pass,f,rashford,70.9,34.4,59.5,63.1,,
89,33,89,35,2,cedric,,dribble,s,lingard,59.5,63.1,60.2,53.6,,
89,35,89,36,2,lingard,xhaka,pass,s,lingard,60.2,53.6,59.5,43.2,,
89,37,89,40,2,xhaka,gabriel,pass,s,sancho,59.5,43.2,58.5,15,,
89,40,89,43,2,gabriel,,dribble,b,sancho,58.5,15,68.6,8.1,,
90,45,,,2,gabriel,,set,freekick,,67.5,8.2,,,,
90,51,,,2,dalot,,won,loose.ball,martinelli,1.8,11,,,,
90,54,90,56,2,dalot,lindelof,pass,f,martinelli,1.8,11,11.7,24.8,,
90,56,91,4,2,lindelof,,dribble,f,,11.7,24.8,52.8,31.6,,
91,4,91,7,2,lindelof,varane,pass,b.a,nketiah,52.8,31.6,41,56.9,,
91,7,91,8,2,varane,mata,pass,f,,41,56.9,57.7,63.6,,
91,9,91,11,2,mata,varane,pass,b.a,odegaard,57.7,63.6,48.9,59.5,,
91,11,91,12,2,varane,,dribble,f,,48.9,59.5,54,55.3,,
91,15,,,2,gabriel,,clearance,header,rashford,88.9,31.9,,,,
91,16,,,2,xhaka,,won,loose.ball,,77.5,29.9,,,,
91,16,91,19,2,xhaka,,dribble,f,ronaldo,77.5,29.9,74.9,26.6,,
91,19,91,22,2,xhaka,odegaard,pass,s,ronaldo,74.9,26.6,77,58,,
91,22,91,23,2,odegaard,tomiyasu,pass,s,telles,77,58,82.6,54.1,,
91,23,91,24,2,tomiyasu,odegaard,pass,f,mata,82.6,54.1,76.8,58.3,,
91,25,91,26,2,odegaard,elneny,pass,f,mata,76.8,58.3,78.6,53,,
91,26,91,28,2,elneny,tomiyasu,pass,f,tomiyasu,78.6,53,48.2,61.2,,
91,28,91,32,2,tomiyasu,,dribble,f,,48.2,61.2,28.6,66.9,,
92,0,,,2,odegaard,,set,freekick,,26.9,68.1,,,,
92,0,92,1,2,odegaard,elneny,pass,s,,26.9,68.1,31.7,66,,
92,1,92,2,2,elneny,tomiyasu,pass,f,mata,31.7,66,22.6,64.5,,
92,2,92,4,2,tomiyasu,odegaard,pass,s,telles,22.6,64.5,25.5,67.6,,
92,4,,,2,mata,,won,tackled,odegaard,25.7,67.9,,,,
92,6,92,7,2,mata,rashford,pass,f,odegaard,25.7,67.9,30.8,66.1,,
92,7,92,9,2,rashford,,dribble,s,odegaard,30.8,66.1,28.4,58.4,,
92,9,92,10,2,rashford,mctominay,pass,s,odegaard,28.4,58.4,23.4,52,,
92,10,92,15,2,mctominay,,dribble,s,nketiah,23.4,52,25,33.3,,
92,15,92,17,2,mctominay,dalot,pass,f,nketiah,25,33.3,34.6,8.9,,
92,17,92,19,2,dalot,,dribble,f,martinelli,34.6,8.9,47,8.3,,
92,19,92,20,2,dalot,lingard,pass,f,martinelli,47,8.3,59.2,22.1,,
92,20,92,21,2,lingard,,dribble,s,gabriel,59.2,22.1,59.5,17.8,,
92,24,,,2,tavares,,won,duel.won,dalot,94.8,9.2,,,,
92,24,92,27,2,tavares,,dribble,b,dalot,94.8,9.2,98.6,6.1,,
92,27,92,28,2,tavares,martinelli,pass,f,dalot,98.6,6.1,88.1,6.5,,
92,29,92,30,2,martinelli,xhaka,pass,s,lingard,88.1,6.5,81.4,12.4,,
92,31,92,32,2,xhaka,nketiah,pass,f,lingard,81.4,12.4,67.6,7.5,,
92,32,92,33,2,nketiah,martinelli,pass,s,mctominay,67.6,7.5,73,3.5,,
92,33,92,34,2,martinelli,nketiah,pass,s,mctominay,73,3.5,68.7,9.8,,
92,35,92,36,2,nketiah,xhaka,pass,b,sancho,68.7,9.8,74.7,17.8,,
92,36,92,37,2,xhaka,elneny,pass,s,sancho,74.7,17.8,71.2,26.7,,
92,37,92,38,2,elneny,,dribble,s,,71.2,26.7,71.2,28.7,,
92,38,92,40,2,elneny,odegaard,pass,s,,71.2,28.7,59,49.3,,
92,40,92,42,2,odegaard,,dribble,f,mata,59,49.3,48.3,49.6,,
92,42,,,2,mata,odegaard,won,tackled,,47.9,49.9,,,,
92,42,92,49,2,mata,,dribble,f,elneny,47.9,49.9,79.6,56.9,,
92,50,,,2,ramsdale,,shot.defence,collect,,97.1,34,,,,
92,50,92,4,2,ramsdale,,dribble,f,,97.1,34,90.7,27.5,,
93,4,93,5,2,ramsdale,elneny,pass,f,lingard,90.7,27.5,75.9,30.3,,
93,5,93,9,2,elneny,,dribble,f,rashford,75.9,30.3,62.8,48.4,,
93,9,93,12,2,elneny,tomiyasu,pass,f,rashford,62.8,48.4,56.6,63.9,,
93,13,93,15,2,tomiyasu,,dribble,b,,56.6,63.9,59.1,64.3,,
93,15,93,15,2,tomiyasu,xhaka,pass,s,lingard,59.1,64.3,58.3,57.1,,
93,15,93,15,2,xhaka,tomiyasu,pass,s,lingard,58.3,57.1,58.3,57.1,,
93,17,93,19,2,tomiyasu,,dribble,f,lingard,64.7,64,59.9,68,,
93,30,,,2,telles,,set,throwin,nketiah,41.6,68.2,,,,
93,33,93,35,2,varane,lindelof,pass,s,nketiah,30.5,54.1,29.4,37.3,,
93,36,93,37,2,lindelof,dalot,pass,f,nketiah,29.4,37.3,35,10.4,,
93,40,93,41,2,dalot,lindelof,pass,b,martinelli,35,10.4,22.7,18.5,,
93,43,93,44,2,lindelof,varane,pass,s,nketiah,22.7,18.5,30.3,48.3,,
93,44,93,46,2,varane,,dribble,,,30.3,48.3,34.5,51.7,,
93,46,93,47,2,varane,telles,pass,f,,34.5,51.7,46.7,63.9,,
93,47,93,50,2,telles,mctominay,pass,s,,46.7,63.9,45.8,53.9,,
93,50,93,52,2,mctominay,lindelof,pass,s,elneny,45.8,53.9,41.5,28.6,,
93,52,93,54,2,lindelof,,dribble,f,,41.5,28.6,44.3,26.1,,
93,54,93,55,2,lindelof,sancho,pass,s,sancho,44.3,26.1,54.5,10.2,,
93,55,93,59,2,sancho,,dribble,s,,54.5,10.2,55.4,17.8,,